LAKE,MIDAS,BASIN,DEPTH,AREA,LAYRVOL,VOL_Z,AREAPCT,VOLPCT,A_Vratio
UPPE,98,1,0,903476,866986,6230173,100,100,0.15
UPPE,98,1,1,831000,793204,5363187,91.98,86.08,0.15
UPPE,98,1,2,756000,721733,4569983,83.68,73.35,0.17
UPPE,98,1,3,688000,649358,3848250,76.15,61.77,0.18
UPPE,98,1,4,611468,575875,3198892,67.68,51.35,0.19
UPPE,98,1,5,541000,504982,2623017,59.88,42.1,0.21
UPPE,98,1,6,469800,432890,2118035,52,34,0.22
UPPE,98,1,7,397000,358432,1685145,43.94,27.05,0.24
UPPE,98,1,8,321201,304949,1326713,35.55,21.29,0.24
UPPE,98,1,9,288980,268229,1021764,31.99,16.4,0.28
UPPE,98,1,10,248000,230637,753535,27.45,12.09,0.33
UPPE,98,1,11,213700,195386,522898,23.65,8.39,0.41
UPPE,98,1,12,177628,144643,327512,19.66,5.26,0.54
UPPE,98,1,13,114000,96500,182869,12.62,2.94,0.62
UPPE,98,1,14,80000,61110,86369,8.85,1.39,0.93
UPPE,98,1,15,44000,23862,25259,4.87,0.41,1.74
UPPE,98,1,16,8382,1397,1397,0.93,0.02,6
UPPE,98,1,16.5,0,0,0,0,0,0
LOWE,103,1,0,843760,816227,7509580,100,100,0.11
LOWE,103,1,1,789000,757282,6693353,93.51,89.13,0.12
LOWE,103,1,2,726000,696292,5936071,86.04,79.05,0.12
LOWE,103,1,3,667000,638288,5239779,79.05,69.77,0.13
LOWE,103,1,4,610000,579741,4601491,72.3,61.27,0.13
LOWE,103,1,5,550000,520221,4021750,65.18,53.55,0.14
LOWE,103,1,6,491000,461696,3501529,58.19,46.63,0.14
LOWE,103,1,7,433000,401809,3039833,51.32,40.48,0.14
LOWE,103,1,8,371405,355587,2638024,44.02,35.13,0.14
LOWE,103,1,9,340000,324631,2282437,40.3,30.39,0.15
LOWE,103,1,10,309500,290548,1957806,36.68,26.07,0.16
LOWE,103,1,11,272000,255629,1667258,32.24,22.2,0.16
LOWE,103,1,12,239600,222589,1411629,28.4,18.8,0.17
LOWE,103,1,13,206000,188745,1189040,24.41,15.83,0.17
LOWE,103,1,14,172000,155726,1000295,20.38,13.32,0.17
LOWE,103,1,15,140000,121827,844569,16.59,11.25,0.17
LOWE,103,1,16,104517,100735,722742,12.39,9.62,0.14
LOWE,103,1,17,97000,92971,622007,11.5,8.28,0.16
LOWE,103,1,18,89000,84358,529036,10.55,7.04,0.17
LOWE,103,1,19,79800,75357,444678,9.46,5.92,0.18
LOWE,103,1,20,71000,66039,369321,8.41,4.92,0.19
LOWE,103,1,21,61200,56538,303282,7.25,4.04,0.2
LOWE,103,1,22,52000,49071,246744,6.16,3.29,0.21
LOWE,103,1,23,46200,41160,197673,5.48,2.63,0.23
LOWE,103,1,24,36318,33624,156513,4.3,2.08,0.23
LOWE,103,1,25,31000,29994,122889,3.67,1.64,0.25
LOWE,103,1,26,29000,26202,92895,3.44,1.24,0.31
LOWE,103,1,27,23500,21726,66693,2.79,0.89,0.35
LOWE,103,1,28,20000,16911,44967,2.37,0.6,0.44
LOWE,103,1,29,14000,12470,28056,1.66,0.37,0.5
LOWE,103,1,30,11000,9460,15586,1.3,0.21,0.71
LOWE,103,1,31,8000,5750,6126,0.95,0.08,1.31
LOWE,103,1,32,3764,376,376,0.45,0.01,10.01
LOWE,103,1,32.3,0,0,0,0,0,0
SQUA,1672,1,0,33104450,32146595,350273250,100,100,0.09
SQUA,1672,1,1,31198160,30240008,318126655,94.24,90.82,0.1
SQUA,1672,1,2,29291870,28333380,287886647,88.48,82.19,0.1
SQUA,1672,1,3,27385580,26426705,259553267,82.72,74.1,0.11
SQUA,1672,1,4,25479290,24519969,233126562,76.97,66.56,0.11
SQUA,1672,1,5,23573000,22613158,208606593,71.21,59.56,0.11
SQUA,1672,1,6,21666710,20881806,185993435,65.45,53.1,0.12
SQUA,1672,1,7,20106617,19321323,165111629,60.74,47.14,0.12
SQUA,1672,1,8,18546527,17760771,145790306,56.02,41.62,0.13
SQUA,1672,1,9,16986437,16200131,128029535,51.31,36.55,0.13
SQUA,1672,1,10,15426347,14639373,111829404,46.6,31.93,0.14
SQUA,1672,1,11,13866257,13078456,97190031,41.89,27.75,0.14
SQUA,1672,1,12,12306167,11735260,84111575,37.17,24.01,0.15
SQUA,1672,1,13,11173465,10602072,72376315,33.75,20.66,0.15
SQUA,1672,1,14,10040765,9468768,61774243,30.33,17.64,0.16
SQUA,1672,1,15,8908065,8335299,52305475,26.91,14.93,0.17
SQUA,1672,1,16,7775365,7201588,43970176,23.49,12.55,0.18
SQUA,1672,1,17,6642665,6067498,36768588,20.07,10.5,0.18
SQUA,1672,1,18,5509965,5226306,30701090,16.64,8.76,0.18
SQUA,1672,1,19,4947690,4663727,25474784,14.95,7.27,0.19
SQUA,1672,1,20,4385414,4101063,20811057,13.25,5.94,0.21
SQUA,1672,1,21,3823138,3538275,16709994,11.55,4.77,0.23
SQUA,1672,1,22,3260862,2975293,13171719,9.85,3.76,0.25
SQUA,1672,1,23,2698586,2411980,10196426,8.15,2.91,0.26
SQUA,1672,1,24,2136310,1974301,7784446,6.45,2.22,0.27
SQUA,1672,1,25,1816609,1654181,5810145,5.49,1.66,0.31
SQUA,1672,1,26,1496906,1333858,4155964,4.52,1.19,0.36
SQUA,1672,1,27,1177203,1013139,2822106,3.56,0.81,0.42
SQUA,1672,1,28,857500,691462,1808967,2.59,0.52,0.47
SQUA,1672,1,29,537797,366123,1117505,1.62,0.32,0.48
SQUA,1672,1,30,218094,202110,751382,0.66,0.21,0.29
SQUA,1672,1,31,186537,170515,549272,0.56,0.16,0.34
SQUA,1672,1,32,154980,138902,378757,0.47,0.11,0.41
SQUA,1672,1,33,123423,107257,239855,0.37,0.07,0.51
SQUA,1672,1,34,91866,75536,132598,0.28,0.04,0.69
SQUA,1672,1,35,60309,43567,57062,0.18,0.02,1.06
SQUA,1672,1,36,28752,13322,13495,0.09,0,2.13
SQUA,1672,1,37,2588,173,173,0.01,0,14.96
SQUA,1672,1,37.2,0,0,0,0,0,0
CROS,1674,1,0,10270530,9930850,65876983,100,100,0.16
CROS,1674,1,1,9595000,9245323,55946133,93.42,84.93,0.17
CROS,1674,1,2,8900000,8535236,46700810,86.66,70.89,0.19
CROS,1674,1,3,8175596,7733666,38165574,79.6,57.93,0.21
CROS,1674,1,4,7300000,6834838,30431908,71.08,46.2,0.24
CROS,1674,1,5,6380000,5896608,23597070,62.12,35.82,0.27
CROS,1674,1,6,5426082,5007359,17700462,52.83,26.87,0.31
CROS,1674,1,7,4600000,4224596,12693103,44.79,19.27,0.36
CROS,1674,1,8,3860000,3439639,8468507,37.58,12.86,0.46
CROS,1674,1,9,3035757,2553550,5028868,29.56,7.63,0.6
CROS,1674,1,10,2100000,1629150,2475318,20.45,3.76,0.85
CROS,1674,1,11,1200000,645956,846168,11.68,1.28,1.42
CROS,1674,1,12,221874,163233,200212,2.16,0.3,1.11
CROS,1674,1,13,110937,36979,36979,1.08,0.06,3
CROS,1674,1,14,0,0,0,0,0,0
LONG,1682,1,0,27609845,27102348,424017862,100,100,0.07
LONG,1682,1,1,26598000,25996700,396915514,96.34,93.61,0.07
LONG,1682,1,2,25400000,24797580,370918814,92,87.48,0.07
LONG,1682,1,3,24200000,23597306,346121234,87.65,81.63,0.07
LONG,1682,1,4,22999700,22485404,322523928,83.3,76.06,0.07
LONG,1682,1,5,21975000,21359572,300038524,79.59,70.76,0.07
LONG,1682,1,6,20750000,20197504,278678952,75.15,65.72,0.07
LONG,1682,1,7,19650000,18900105,258481448,71.17,60.96,0.08
LONG,1682,1,8,18160000,17728262,239581343,65.77,56.5,0.08
LONG,1682,1,9,17300000,16736877,221853081,62.66,52.32,0.08
LONG,1682,1,10,16180000,15601468,205116204,58.6,48.37,0.08
LONG,1682,1,11,15030000,14393458,189514736,54.44,44.69,0.08
LONG,1682,1,12,13766165,13532413,175121278,49.86,41.3,0.08
LONG,1682,1,13,13300000,13028564,161588865,48.17,38.11,0.08
LONG,1682,1,14,12759000,8047273,148560301,46.21,35.04,0.09
LONG,1682,1,15,4126653,7461835,140513028,14.95,33.14,0.03
LONG,1682,1,16,11400000,11098648,133051193,41.29,31.38,0.09
LONG,1682,1,17,10800000,10579237,121952545,39.12,28.76,0.09
LONG,1682,1,18,10360000,9980120,111373308,37.52,26.27,0.09
LONG,1682,1,19,9605000,9300860,101393188,34.79,23.91,0.09
LONG,1682,1,20,9.00E+06,8723555,92092328,32.6,21.72,0.1
LONG,1682,1,21,8450000,8163342,83368773,30.61,19.66,0.1
LONG,1682,1,22,7880000,7486613,75205431,28.54,17.74,0.1
LONG,1682,1,23,7100000,6802337,67718818,25.72,15.97,0.1
LONG,1682,1,24,6508954,6368968,60916481,23.57,14.37,0.11
LONG,1682,1,25,6230000,6069297,54547513,22.56,12.86,0.11
LONG,1682,1,26,5910000,5643941,48478216,21.41,11.43,0.12
LONG,1682,1,27,5382000,5149273,42834275,19.49,10.1,0.13
LONG,1682,1,28,4920000,4748986,37685002,17.82,8.89,0.13
LONG,1682,1,29,4580000,4392180,32936016,16.59,7.77,0.14
LONG,1682,1,30,4207000,4006352,28543836,15.24,6.73,0.15
LONG,1682,1,31,3809000,3622934,24537484,13.8,5.79,0.16
LONG,1682,1,32,3440000,3469957,20914550,12.46,4.93,0.16
LONG,1682,1,33,3500000,3038874,17444593,12.68,4.11,0.2
LONG,1682,1,34,2600000,2335170,14405719,9.42,3.4,0.18
LONG,1682,1,35,2080000,1866934,12070549,7.53,2.85,0.17
LONG,1682,1,36,1661687,1600458,10203615,6.02,2.41,0.16
LONG,1682,1,37,1540000,1469444,8603157,5.58,2.03,0.18
LONG,1682,1,38,1400000,1326840,7133713,5.07,1.68,0.2
LONG,1682,1,39,1255000,1187370,5806873,4.55,1.37,0.22
LONG,1682,1,40,1121000,1058395,4619503,4.06,1.09,0.24
LONG,1682,1,41,997000,926118,3561108,3.61,0.84,0.28
LONG,1682,1,42,857000,781832,2634990,3.1,0.62,0.33
LONG,1682,1,43,709000,643421,1853158,2.57,0.44,0.38
LONG,1682,1,44,580000,512059,1209737,2.1,0.29,0.48
LONG,1682,1,45,447000,371066,697678,1.62,0.16,0.64
LONG,1682,1,46,3.00E+05,220141,326612,1.09,0.08,0.92
LONG,1682,1,47,149000,82530,106471,0.54,0.03,1.4
LONG,1682,1,48,30822,21013,23941,0.11,0.01,1.29
LONG,1682,1,49,12549,2928,2928,0.05,0,4.29
LONG,1682,1,49.7,0,0,0,0,0,0
MADA,1802,1,0,4075288,3886134,20942091,100,100,0.19
MADA,1802,1,1,3700000,3515951,17055957,90.79,81.44,0.22
MADA,1802,1,2,3335060,3166052,13540006,81.84,64.65,0.25
MADA,1802,1,3,3.00E+06,2836232,10373954,73.61,49.54,0.29
MADA,1802,1,4,2675557,2433904,7537722,65.65,35.99,0.35
MADA,1802,1,5,2200000,1958211,5103818,53.98,24.37,0.43
MADA,1802,1,6,1725996,1455054,3145607,42.35,15.02,0.55
MADA,1802,1,7,1200000,929332,1690553,29.45,8.07,0.71
MADA,1802,1,8,682806,524061,761221,16.75,3.63,0.9
MADA,1802,1,9,380000,194811,237160,9.32,1.13,1.6
MADA,1802,1,10,57113,38008,42349,1.4,0.2,1.35
MADA,1802,1,11,21703,4341,4341,0.53,0.02,5
MADA,1802,1,11.6,0,0,0,0,0,0
MADA,1802,2,0,2069934,1984361,9433882,100,100,0.22
MADA,1802,2,1,1900000,1812854,7449521,91.79,78.97,0.26
MADA,1802,2,2,1727083,1642833,5636667,83.44,59.75,0.31
MADA,1802,2,3,1560000,1483244,3993834,75.36,42.34,0.39
MADA,1802,2,4,1407789,1155281,2510590,68.01,26.61,0.56
MADA,1802,2,5,920000,661777,1355309,44.45,14.37,0.68
MADA,1802,2,6,433678,354049,693532,20.95,7.35,0.63
MADA,1802,2,7,280000,192688,339483,13.53,3.6,0.82
MADA,1802,2,8,117038,97934,146795,5.65,1.56,0.8
MADA,1802,2,9,80000,48121,48861,3.86,0.52,1.64
MADA,1802,2,10,22210,740,740,1.07,0.01,30.01
MADA,1802,2,10.1,0,0,0,0,0,0
SAND,3130,1,0,965951,916539,4689210,100,100,0.21
SAND,3130,1,1,868000,812679,3772671,89.86,80.45,0.23
SAND,3130,1,2,758587,690199,2959992,78.53,63.12,0.26
SAND,3130,1,3,624000,551587,2269793,64.6,48.4,0.27
SAND,3130,1,4,482215,435293,1718206,49.92,36.64,0.28
SAND,3130,1,5,390000,347420,1282913,40.37,27.36,0.3
SAND,3130,1,6,306514,276222,935493,31.73,19.95,0.33
SAND,3130,1,7,247000,204458,659271,25.57,14.06,0.37
SAND,3130,1,8,164687,155250,454813,17.05,9.7,0.36
SAND,3130,1,9,146000,124314,299563,15.11,6.39,0.49
SAND,3130,1,10,103823,89551,175249,10.75,3.74,0.59
SAND,3130,1,11,76000,58374,85698,7.87,1.83,0.89
SAND,3130,1,12,42374,25710,27324,4.39,0.58,1.55
SAND,3130,1,13,12107,1614,1614,1.25,0.03,7.5
SAND,3130,1,13.4,0,0,0,0,0,0
HANC,3132,1,0,3085732,2888411,17174633,100,100,0.18
HANC,3132,1,1,2695485,2497819,14286222,87.35,83.18,0.19
HANC,3132,1,2,2305237,2107099,11788403,74.71,68.64,0.2
HANC,3132,1,3,1914989,1812298,9681304,62.06,56.37,0.2
HANC,3132,1,4,1711512,1608701,7869006,55.47,45.82,0.22
HANC,3132,1,5,1508035,1405068,6260305,48.87,36.45,0.24
HANC,3132,1,6,1304558,1194363,4855237,42.28,28.27,0.27
HANC,3132,1,7,1087459,976897,3660874,35.24,21.32,0.3
HANC,3132,1,8,870360,759219,2683977,28.21,15.63,0.32
HANC,3132,1,9,653261,582037,1924758,21.17,11.21,0.34
HANC,3132,1,10,513608,441943,1342721,16.64,7.82,0.38
HANC,3132,1,11,373963,301431,900778,12.12,5.24,0.42
HANC,3132,1,12,234314,208641,599347,7.59,3.49,0.39
HANC,3132,1,13,183981,158146,390706,5.96,2.27,0.47
HANC,3132,1,14,133648,107495,232560,4.33,1.35,0.57
HANC,3132,1,15,83315,69398,125065,2.7,0.73,0.67
HANC,3132,1,16,56356,42152,55667,1.83,0.32,1.01
HANC,3132,1,17,29397,13434,13515,0.95,0.08,2.18
HANC,3132,1,18,2438,81,81,0.08,0,30.1
HANC,3132,1,18.1,0,0,0,0,0,0
MOOS,3134,1,0,3457898,3358463,30165191,100,100,0.11
MOOS,3134,1,1,3260000,3159472,26806728,94.28,88.87,0.12
MOOS,3134,1,2,3060000,2957414,23647256,88.49,78.39,0.13
MOOS,3134,1,3,2856000,2752358,20689842,82.59,68.59,0.14
MOOS,3134,1,4,2650000,2547344,17937484,76.64,59.46,0.15
MOOS,3134,1,5,2446048,2336176,15390140,70.74,51.02,0.16
MOOS,3134,1,6,2228000,2112975,13053964,64.43,43.27,0.17
MOOS,3134,1,7,2.00E+06,1899122,10940989,57.84,36.27,0.18
MOOS,3134,1,8,1800000,1693915,9041867,52.05,29.97,0.2
MOOS,3134,1,9,1590000,1477694,7347952,45.98,24.36,0.22
MOOS,3134,1,10,1368164,1275486,5870258,39.57,19.46,0.23
MOOS,3134,1,11,1185000,1091038,4594772,34.27,15.23,0.26
MOOS,3134,1,12,999700,897998,3503734,28.91,11.62,0.29
MOOS,3134,1,13,8.00E+05,697607,2605736,23.14,8.64,0.31
MOOS,3134,1,14,6.00E+05,504041,1908129,17.35,6.33,0.31
MOOS,3134,1,15,413828,384038,1404088,11.97,4.65,0.29
MOOS,3134,1,16,355000,326085,1020050,10.27,3.38,0.35
MOOS,3134,1,17,298000,259596,693965,8.62,2.3,0.43
MOOS,3134,1,18,223000,201117,434369,6.45,1.44,0.51
MOOS,3134,1,19,180000,144976,233252,5.21,0.77,0.77
MOOS,3134,1,20,112576,76268,88276,3.26,0.29,1.28
MOOS,3134,1,21,45030,12008,12008,1.3,0.04,3.75
MOOS,3134,1,21.8,0,0,0,0,0,0
JEWE,3198,1,0,171864,158756,704549,100,100,0.24
JEWE,3198,1,1,146000,132472,545793,84.95,77.47,0.27
JEWE,3198,1,2,119389,108260,413321,69.47,58.66,0.29
JEWE,3198,1,3,97500,85235,305061,56.73,43.3,0.32
JEWE,3198,1,4,73532,65091,219826,42.78,31.2,0.33
JEWE,3198,1,5,57000,48076,154735,33.17,21.96,0.37
JEWE,3198,1,6,39674,34829,106659,23.08,15.14,0.37
JEWE,3198,1,7,30200,25437,71830,17.57,10.2,0.42
JEWE,3198,1,8,20954,18943,46393,12.19,6.58,0.45
JEWE,3198,1,9,17000,13871,27450,9.89,3.9,0.62
JEWE,3198,1,10,10961,9176,13579,6.38,1.93,0.81
JEWE,3198,1,11,7500,4146,4403,4.36,0.62,1.7
JEWE,3198,1,12,1540,257,257,0.9,0.04,5.99
JEWE,3198,1,12.5,0,0,0,0,0,0
MIDD,3201,1,0,513201,480949,2430016,100,100,0.21
MIDD,3201,1,1,449403,417097,1949067,87.57,80.21,0.23
MIDD,3201,1,2,385604,353225,1531970,75.14,63.04,0.25
MIDD,3201,1,3,321806,297691,1178745,62.71,48.51,0.27
MIDD,3201,1,4,274211,241711,881054,53.43,36.26,0.31
MIDD,3201,1,5,210607,182099,639343,41.04,26.31,0.33
MIDD,3201,1,6,155008,140468,457244,30.2,18.82,0.34
MIDD,3201,1,7,126414,111812,316776,24.63,13.04,0.4
MIDD,3201,1,8,97820,83112,204964,19.06,8.43,0.48
MIDD,3201,1,9,69226,56701,121852,13.49,5.01,0.57
MIDD,3201,1,10,45039,34337,65151,8.78,2.68,0.69
MIDD,3201,1,11,24652,15606,30814,4.8,1.27,0.8
MIDD,3201,1,12,8066,7041,15208,1.57,0.63,0.53
MIDD,3201,1,13,6063,5028,8167,1.18,0.34,0.74
MIDD,3201,1,14,4060,3002,3139,0.79,0.13,1.29
MIDD,3201,1,15,2057,137,137,0.4,0.01,15.01
MIDD,3201,1,15.2,0,0,0,0,0,0
KEYS,3232,1,0,745741,700902,4166160,100,100,0.18
KEYS,3232,1,1,657000,611960,3465258,88.1,83.18,0.19
KEYS,3232,1,2,568000,521089,2853298,76.17,68.49,0.2
KEYS,3232,1,3,475545,457151,2332209,63.77,55.98,0.2
KEYS,3232,1,4,439000,419349,1875058,58.87,45.01,0.23
KEYS,3232,1,5,4.00E+05,381474,1455709,53.64,34.94,0.27
KEYS,3232,1,6,363244,331118,1074235,48.71,25.78,0.34
KEYS,3232,1,7,3.00E+05,269443,743117,40.23,17.84,0.4
KEYS,3232,1,8,240000,208342,473674,32.18,11.37,0.51
KEYS,3232,1,9,178214,148151,265332,23.9,6.37,0.67
KEYS,3232,1,10,120000,88852,117181,16.09,2.81,1.02
KEYS,3232,1,11,61000,27179,28329,8.18,0.68,2.15
KEYS,3232,1,12,4314,1150,1150,0.58,0.03,3.75
KEYS,3232,1,12.8,0,0,0,0,0,0
STEA,3234,1,0,997794,974807,8173944,100,100,0.12
STEA,3234,1,1,952000,928277,7199137,95.41,88.07,0.13
STEA,3234,1,2,904754,881274,6270860,90.68,76.72,0.14
STEA,3234,1,3,858000,832943,5389586,85.99,65.94,0.16
STEA,3234,1,4,808135,777874,4556643,80.99,55.75,0.18
STEA,3234,1,5,748000,717107,3778769,74.97,46.23,0.2
STEA,3234,1,6,686651,652024,3061662,68.82,37.46,0.22
STEA,3234,1,7,618000,579760,2409638,61.94,29.48,0.26
STEA,3234,1,8,542344,504203,1829878,54.35,22.39,0.3
STEA,3234,1,9,467000,428320,1325675,46.8,16.22,0.35
STEA,3234,1,10,390772,350648,897355,39.16,10.98,0.44
STEA,3234,1,11,312000,272286,546707,31.27,6.69,0.57
STEA,3234,1,12,234417,185192,274421,23.49,3.36,0.85
STEA,3234,1,13,140000,85191,89229,14.03,1.09,1.57
STEA,3234,1,14,40383,4038,4038,4.05,0.05,10
STEA,3234,1,14.3,0,0,0,0,0,0
PEAB,3374,1,0,2842113,2800956,30668304,100,100,0.09
PEAB,3374,1,1,2760000,2719902,27867348,97.11,90.87,0.1
PEAB,3374,1,2,2680000,2639899,25147446,94.3,82,0.11
PEAB,3374,1,3,2600000,2556170,22507547,91.48,73.39,0.12
PEAB,3374,1,4,2512589,2461116,19951377,88.41,65.06,0.13
PEAB,3374,1,5,2410000,2359823,17490261,84.8,57.03,0.14
PEAB,3374,1,6,2310000,2259816,15130438,81.28,49.34,0.15
PEAB,3374,1,7,2210000,2163780,12870622,77.76,41.97,0.17
PEAB,3374,1,8,2117886,2002862,10706842,74.52,34.91,0.2
PEAB,3374,1,9,1890000,1768643,8703980,66.5,28.38,0.22
PEAB,3374,1,10,1650000,1523289,6935337,58.06,22.61,0.24
PEAB,3374,1,11,1400000,1284101,5412048,49.26,17.65,0.26
PEAB,3374,1,12,1171590,1084663,4127947,41.22,13.46,0.28
PEAB,3374,1,13,1.00E+06,908513,3043284,35.19,9.92,0.33
PEAB,3374,1,14,820000,736996,2134771,28.85,6.96,0.38
PEAB,3374,1,15,657000,568130,1397775,23.12,4.56,0.47
PEAB,3374,1,16,483676,412647,829645,17.02,2.71,0.58
PEAB,3374,1,17,345483,273461,416998,12.16,1.36,0.83
PEAB,3374,1,18,207290,132021,143537,7.29,0.47,1.44
PEAB,3374,1,19,69096,11516,11516,2.43,0.04,6
PEAB,3374,1,19.5,0,0,0,0,0,0
COLD,3376,1,0,146701,136732,594462,100,100,0.25
COLD,3376,1,1,127000,116857,457730,86.57,77,0.28
COLD,3376,1,2,107000,96902,340873,72.94,57.34,0.31
COLD,3376,1,3,87144,78416,243971,59.4,41.04,0.36
COLD,3376,1,4,70000,60777,165555,47.72,27.85,0.42
COLD,3376,1,5,52000,43194,104778,35.45,17.63,0.5
COLD,3376,1,6,34950,29836,61584,23.82,10.36,0.57
COLD,3376,1,7,25000,19236,31748,17.04,5.34,0.79
COLD,3376,1,8,14000,8664,12512,9.54,2.1,1.12
COLD,3376,1,9,4265,3137,3848,2.91,0.65,1.11
COLD,3376,1,10,2132,711,711,1.45,0.12,3
COLD,3376,1,11,0,0,0,0,0,0
TRIC,3382,1,0,1218710,1199303,12617990,100,100,0.1
TRIC,3382,1,1,1180000,1159943,11418687,96.82,90.5,0.1
TRIC,3382,1,2,1140000,1119940,10258744,93.54,81.3,0.11
TRIC,3382,1,3,1100000,1080952,9138804,90.26,72.43,0.12
TRIC,3382,1,4,1062016,1020733,8057852,87.14,63.86,0.13
TRIC,3382,1,5,980000,939716,7037119,80.41,55.77,0.14
TRIC,3382,1,6,9.00E+05,859690,6097403,73.85,48.32,0.15
TRIC,3382,1,7,820000,777726,5237713,67.28,41.51,0.16
TRIC,3382,1,8,736205,717774,4459987,60.41,35.35,0.17
TRIC,3382,1,9,699500,679654,3742213,57.4,29.66,0.19
TRIC,3382,1,10,660000,639896,3062559,54.16,24.27,0.22
TRIC,3382,1,11,620000,595463,2422663,50.87,19.2,0.26
TRIC,3382,1,12,571258,534210,1827200,46.87,14.48,0.31
TRIC,3382,1,13,498000,455870,1292990,40.86,10.25,0.39
TRIC,3382,1,14,415000,376878,837120,34.05,6.63,0.5
TRIC,3382,1,15,340000,296180,460242,27.9,3.65,0.74
TRIC,3382,1,16,254424,154370,164062,20.88,1.3,1.55
TRIC,3382,1,17,72692,9692,9692,5.96,0.08,7.5
TRIC,3382,1,17.4,0,0,0,0,0,0
ADAM,3396,1,0,168563,163253,1216165,100,100,0.14
ADAM,3396,1,1,158000,152973,1052912,93.73,86.58,0.15
ADAM,3396,1,2,148000,142971,899939,87.8,74,0.16
ADAM,3396,1,3,138000,132969,756968,81.87,62.24,0.18
ADAM,3396,1,4,128000,122945,623999,75.94,51.31,0.21
ADAM,3396,1,5,117958,110906,501054,69.98,41.2,0.24
ADAM,3396,1,6,104000,93822,390148,61.7,32.08,0.27
ADAM,3396,1,7,84000,77923,296326,49.83,24.37,0.28
ADAM,3396,1,8,72000,63833,218403,42.71,17.96,0.33
ADAM,3396,1,9,56000,48266,154570,33.22,12.71,0.36
ADAM,3396,1,10,40926,36892,106304,24.28,8.74,0.38
ADAM,3396,1,11,33000,28908,69412,19.58,5.71,0.48
ADAM,3396,1,12,25000,21404,40504,14.83,3.33,0.62
ADAM,3396,1,13,18000,13805,19100,10.68,1.57,0.94
ADAM,3396,1,14,10000,5059,5295,5.93,0.44,1.89
ADAM,3396,1,15,1415,236,236,0.84,0.02,6
ADAM,3396,1,15.5,0,0,0,0,0,0
KEOH,3416,1,0,1804190,1776021,14146228,100,100,0.13
KEOH,3416,1,1,1748000,1718918,12370207,96.89,87.45,0.14
KEOH,3416,1,2,1690000,1654877,10651289,93.67,75.29,0.16
KEOH,3416,1,3,1620000,1588526,8996412,89.79,63.6,0.18
KEOH,3416,1,4,1557258,1498247,7407886,86.31,52.37,0.21
KEOH,3416,1,5,1440000,1379565,5909639,79.81,41.78,0.24
KEOH,3416,1,6,1320000,1254439,4530074,73.16,32.02,0.29
KEOH,3416,1,7,1190000,1130090,3275635,65.96,23.16,0.36
KEOH,3416,1,8,1071221,937573,2145545,59.37,15.17,0.5
KEOH,3416,1,9,810000,675284,1207972,44.9,8.54,0.67
KEOH,3416,1,10,549000,407024,532688,30.43,3.77,1.03
KEOH,3416,1,11,280000,121311,125664,15.52,0.89,2.23
KEOH,3416,1,12,16325,4353,4353,0.9,0.03,3.75
KEOH,3416,1,12.8,0,0,0,0,0,0
LONG,3418,1,0,1775243,1727403,12557593,100,100,0.14
LONG,3418,1,1,1680000,1628734,10830190,94.63,86.24,0.16
LONG,3418,1,2,1578000,1526911,9201456,88.89,73.27,0.17
LONG,3418,1,3,1476386,1430955,7674545,83.17,61.11,0.19
LONG,3418,1,4,1386000,1337713,6243590,78.07,49.72,0.22
LONG,3418,1,5,1290000,1243035,4905877,72.67,39.07,0.26
LONG,3418,1,6,1196655,1086526,3662842,67.41,29.17,0.33
LONG,3418,1,7,980000,867673,2576316,55.2,20.52,0.38
LONG,3418,1,8,760000,646326,1708643,42.81,13.61,0.44
LONG,3418,1,9,538967,473016,1062317,30.36,8.46,0.51
LONG,3418,1,10,410000,342940,589301,23.1,4.69,0.7
LONG,3418,1,11,280000,208059,246361,15.77,1.96,1.14
LONG,3418,1,12,143634,38302,38302,8.09,0.31,3.75
LONG,3418,1,12.8,0,0,0,0,0,0
BEAR,3420,1,0,963740,931182,9926499,100,100,0.1
BEAR,3420,1,1,899000,864270,8995317,93.28,90.62,0.1
BEAR,3420,1,2,830000,794077,8131047,86.12,81.91,0.1
BEAR,3420,1,3,758688,740268,7336970,78.72,73.91,0.1
BEAR,3420,1,4,722000,695838,6596702,74.92,66.46,0.11
BEAR,3420,1,5,670000,648771,5900864,69.52,59.45,0.11
BEAR,3420,1,6,627772,603728,5252093,65.14,52.91,0.12
BEAR,3420,1,7,580000,559881,4648365,60.18,46.83,0.12
BEAR,3420,1,8,540000,516146,4088484,56.03,41.19,0.13
BEAR,3420,1,9,492654,481283,3572338,51.12,35.99,0.14
BEAR,3420,1,10,470000,444766,3091055,48.77,31.14,0.15
BEAR,3420,1,11,420000,418750,2646289,43.58,26.66,0.16
BEAR,3420,1,12,417501,403672,2227539,43.32,22.44,0.19
BEAR,3420,1,13,390000,377431,1823867,40.47,18.37,0.21
BEAR,3420,1,14,365000,351048,1446436,37.87,14.57,0.25
BEAR,3420,1,15,337278,308195,1095388,35,11.03,0.31
BEAR,3420,1,16,280000,264858,787193,29.05,7.93,0.36
BEAR,3420,1,17,250000,209967,522335,25.94,5.26,0.48
BEAR,3420,1,18,172335,148036,312368,17.88,3.15,0.55
BEAR,3420,1,19,125000,101667,164332,12.97,1.66,0.76
BEAR,3420,1,20,80000,53443,62665,8.3,0.63,1.28
BEAR,3420,1,21,30740,9222,9222,3.19,0.09,3.33
BEAR,3420,1,21.9,0,0,0,0,0,0
MOOS,3424,1,0,718552,704731,5033302,100,100,0.14
MOOS,3424,1,1,691000,675441,4328571,96.17,86,0.16
MOOS,3424,1,2,660000,645692,3653130,91.85,72.58,0.18
MOOS,3424,1,3,631488,607083,3007438,87.88,59.75,0.21
MOOS,3424,1,4,583000,560349,2400355,81.14,47.69,0.24
MOOS,3424,1,5,538000,512986,1840006,74.87,36.56,0.29
MOOS,3424,1,6,488372,438785,1327020,67.97,26.36,0.37
MOOS,3424,1,7,391000,340298,888235,54.41,17.65,0.44
MOOS,3424,1,8,292000,241954,547937,40.64,10.89,0.53
MOOS,3424,1,9,195150,162550,305983,27.16,6.08,0.64
MOOS,3424,1,10,132000,101054,143433,18.37,2.85,0.92
MOOS,3424,1,11,73000,37318,42379,10.16,0.84,1.72
MOOS,3424,1,12,10833,5028,5061,1.51,0.1,2.14
MOOS,3424,1,13,985,33,33,0.14,0,29.85
MOOS,3424,1,13.1,0,0,0,0,0,0
ISLA,3448,1,0,424918,196122,1649361,100,100,0.26
ISLA,3448,1,1,37394,156777,1453239,8.8,88.11,0.03
ISLA,3448,1,2,323030,297194,1296462,76.02,78.6,0.25
ISLA,3448,1,3,272086,245571,999268,64.03,60.59,0.27
ISLA,3448,1,4,219978,193338,753697,51.77,45.7,0.29
ISLA,3448,1,5,167871,141012,560359,39.51,33.97,0.3
ISLA,3448,1,6,115763,107507,419347,27.24,25.42,0.28
ISLA,3448,1,7,99457,91182,311840,23.41,18.91,0.32
ISLA,3448,1,8,83151,74850,220658,19.57,13.38,0.38
ISLA,3448,1,9,66845,58315,145808,15.73,8.84,0.46
ISLA,3448,1,10,50183,41573,87493,11.81,5.3,0.57
ISLA,3448,1,11,33521,24717,45920,7.89,2.78,0.73
ISLA,3448,1,12,16859,13528,21203,3.97,1.29,0.8
ISLA,3448,1,13,10452,6899,7675,2.46,0.47,1.36
ISLA,3448,1,14,3878,776,776,0.91,0.05,5
ISLA,3448,1,14.6,0,0,0,0,0,0
CRYS,3452,1,0,1742203,1716035,17892973,100,100,0.1
CRYS,3452,1,1,1690000,1659910,16176938,97,90.41,0.1
CRYS,3452,1,2,1630000,1604935,14517028,93.56,81.13,0.11
CRYS,3452,1,3,1580000,1549903,12912093,90.69,72.16,0.12
CRYS,3452,1,4,1520000,1492034,11362190,87.25,63.5,0.13
CRYS,3452,1,5,1464241,1401662,9870156,84.05,55.16,0.15
CRYS,3452,1,6,1340000,1271903,8468494,76.91,47.33,0.16
CRYS,3452,1,7,1205000,1141930,7196591,69.17,40.22,0.17
CRYS,3452,1,8,1080000,1018391,6054661,61.99,33.84,0.18
CRYS,3452,1,9,958000,893188,5036270,54.99,28.15,0.19
CRYS,3452,1,10,829907,774303,4143082,47.64,23.15,0.2
CRYS,3452,1,11,720000,689783,3368779,41.33,18.83,0.21
CRYS,3452,1,12,660000,619569,2678996,37.88,14.97,0.25
CRYS,3452,1,13,580000,534368,2059427,33.29,11.51,0.28
CRYS,3452,1,14,490000,447172,1525059,28.13,8.52,0.32
CRYS,3452,1,15,405670,367185,1077887,23.28,6.02,0.38
CRYS,3452,1,16,330000,294305,710702,18.94,3.97,0.46
CRYS,3452,1,17,260000,218778,416397,14.92,2.33,0.62
CRYS,3452,1,18,180000,138055,197619,10.33,1.1,0.91
CRYS,3452,1,19,1.00E+05,58712,59564,5.74,0.33,1.68
CRYS,3452,1,20,25569,852,852,1.47,0,30.01
CRYS,3452,1,20.1,0,0,0,0,0,0
HIGH,3454,1,0,5237767,5098253,31348355,100,100,0.17
HIGH,3454,1,1,4960000,4824370,26250102,94.7,83.74,0.19
HIGH,3454,1,2,4690000,4541049,21425732,89.54,68.35,0.22
HIGH,3454,1,3,4393710,4123976,16884683,83.89,53.86,0.26
HIGH,3454,1,4,3860000,3581479,12760707,73.7,40.71,0.3
HIGH,3454,1,5,3310000,3032996,9179228,63.19,29.28,0.36
HIGH,3454,1,6,2764182,2371810,6146232,52.77,19.61,0.45
HIGH,3454,1,7,2.00E+06,1637484,3774422,38.18,12.04,0.53
HIGH,3454,1,8,1300000,897187,2136938,24.82,6.82,0.61
HIGH,3454,1,9,547731,471935,1239751,10.46,3.95,0.44
HIGH,3454,1,10,4.00E+05,343529,767816,7.64,2.45,0.52
HIGH,3454,1,11,290000,198879,424287,5.54,1.35,0.68
HIGH,3454,1,12,120051,109873,225408,2.29,0.72,0.53
HIGH,3454,1,13,1.00E+05,79153,115535,1.91,0.37,0.87
HIGH,3454,1,14,60000,35347,36382,1.15,0.12,1.65
HIGH,3454,1,15,15522,1035,1035,0.3,0,15
HIGH,3454,1,15.2,0,0,0,0,0,0
HIGH,3734,1,0,2523017,2420799,18888477,100,100,0.13
HIGH,3734,1,1,2320000,2219249,16467678,91.95,87.18,0.14
HIGH,3734,1,2,2120000,2014087,14248429,84.03,75.43,0.15
HIGH,3734,1,3,1910000,1803981,12234342,75.7,64.77,0.16
HIGH,3734,1,4,1700000,1603601,10430361,67.38,55.22,0.16
HIGH,3734,1,5,1509097,1428810,8826760,59.81,46.73,0.17
HIGH,3734,1,6,1350000,1269159,7397950,53.51,39.17,0.18
HIGH,3734,1,8,1020000,938863,5024882,40.43,26.6,0.2
HIGH,3734,1,9,860000,776449,4086019,34.09,21.63,0.21
HIGH,3734,1,10,695795,657533,3309570,27.58,17.52,0.21
HIGH,3734,1,11,620000,574412,2652037,24.57,14.04,0.23
HIGH,3734,1,12,530000,492023,2077625,21.01,11,0.26
HIGH,3734,1,13,455000,414356,1585602,18.03,8.39,0.29
HIGH,3734,1,14,375000,327296,1171246,14.86,6.2,0.32
HIGH,3734,1,15,281807,260624,843950,11.17,4.47,0.33
HIGH,3734,1,16,240000,214514,583326,9.51,3.09,0.41
HIGH,3734,1,17,190000,168563,368812,7.53,1.95,0.52
HIGH,3734,1,18,148000,122682,200249,5.87,1.06,0.74
HIGH,3734,1,19,99000,71320,77567,3.92,0.41,1.28
HIGH,3734,1,20,46853,6247,6247,1.86,0.03,7.5
HIGH,3734,1,20.4,0,0,0,0,0,0
WILS,3832,1,0,2230826,2093953,11927346,100,100,0.19
WILS,3832,1,1,1960000,1828459,9833393,87.86,82.44,0.2
WILS,3832,1,2,1700000,1562181,8004934,76.2,67.11,0.21
WILS,3832,1,3,1428302,1358564,6442753,64.03,54.02,0.22
WILS,3832,1,4,1290000,1203999,5084189,57.83,42.63,0.25
WILS,3832,1,5,1120000,1047610,3880190,50.21,32.53,0.29
WILS,3832,1,6,976851,884366,2832580,43.79,23.75,0.34
WILS,3832,1,7,795000,694167,1948214,35.64,16.33,0.41
WILS,3832,1,8,598000,496299,1254047,26.81,10.51,0.48
WILS,3832,1,9,401127,349342,757748,17.98,6.35,0.53
WILS,3832,1,10,3.00E+05,247240,408406,13.45,3.42,0.73
WILS,3832,1,11,198000,138211,161166,8.88,1.35,1.23
WILS,3832,1,12,86081,22955,22955,3.86,0.19,3.75
WILS,3832,1,12.8,0,0,0,0,0,0
MOUS,3838,1,0,2596528,2492551,21176741,100,100,0.12
MOUS,3838,1,1,2390000,2281452,18684190,92.05,88.23,0.13
MOUS,3838,1,2,2174600,2066371,16402738,83.75,77.46,0.13
MOUS,3838,1,3,1960000,1853499,14336367,75.49,67.7,0.14
MOUS,3838,1,4,1749000,1633526,12482868,67.36,58.95,0.14
MOUS,3838,1,5,1520711,1449786,10849342,58.57,51.23,0.14
MOUS,3838,1,6,1380000,1306829,9399556,53.15,44.39,0.15
MOUS,3838,1,7,1235000,1156634,8092727,47.56,38.22,0.15
MOUS,3838,1,8,1080000,1013283,6936093,41.59,32.75,0.16
MOUS,3838,1,9,948000,869093,5922810,36.51,27.97,0.16
MOUS,3838,1,10,792506,750875,5053717,30.52,23.86,0.16
MOUS,3838,1,11,710000,671642,4302842,27.34,20.32,0.17
MOUS,3838,1,12,634000,595085,3631200,24.42,17.15,0.17
MOUS,3838,1,13,557000,517510,3036115,21.45,14.34,0.18
MOUS,3838,1,14,479000,432578,2518605,18.45,11.89,0.19
MOUS,3838,1,15,387762,372782,2086027,14.93,9.85,0.19
MOUS,3838,1,16,358000,333200,1713245,13.79,8.09,0.21
MOUS,3838,1,17,309000,291835,1380045,11.9,6.52,0.22
MOUS,3838,1,18,275000,248546,1088210,10.59,5.14,0.25
MOUS,3838,1,19,223000,205191,839664,8.59,3.97,0.27
MOUS,3838,1,20,187884,173755,634473,7.24,3,0.3
MOUS,3838,1,21,160000,145776,460718,6.16,2.18,0.35
MOUS,3838,1,22,132000,114579,314942,5.08,1.49,0.42
MOUS,3838,1,23,98000,78227,200363,3.77,0.95,0.49
MOUS,3838,1,24,60000,45228,122136,2.31,0.58,0.49
MOUS,3838,1,25,31920,28669,76908,1.23,0.36,0.42
MOUS,3838,1,26,25536,22100,48239,0.98,0.23,0.53
MOUS,3838,1,27,18833,15531,26139,0.73,0.12,0.72
MOUS,3838,1,28,12449,8884,10608,0.48,0.05,1.17
MOUS,3838,1,29,5746,1724,1724,0.22,0.01,3.33
MOUS,3838,1,29.9,0,0,0,0,0,0
CHIC,4822,1,0,1365805,1357895,8576638,100,100,0.16
CHIC,4822,1,1,1350000,1299213,7218743,98.84,84.17,0.19
CHIC,4822,1,2,1249080,1182935,5919530,91.45,69.02,0.21
CHIC,4822,1,3,1118000,1049085,4736595,81.86,55.23,0.24
CHIC,4822,1,4,981647,940528,3687510,71.87,42.99,0.27
CHIC,4822,1,5,9.00E+05,861163,2746982,65.9,32.03,0.33
CHIC,4822,1,6,822902,758051,1885819,60.25,21.99,0.44
CHIC,4822,1,7,695000,627884,1127768,50.89,13.15,0.62
CHIC,4822,1,8,563079,396091,499884,41.23,5.83,1.13
CHIC,4822,1,9,250000,103456,103793,18.3,1.21,2.41
CHIC,4822,1,10,10105,337,337,0.74,0,29.99
CHIC,4822,1,10.1,0,0,0,0,0,0
UNIT,5172,1,0,10211162,9911587,58721830,100,100,0.17
UNIT,5172,1,1,9615000,9268743,48810243,94.16,83.12,0.2
UNIT,5172,1,2,8926746,8510026,39541500,87.42,67.34,0.23
UNIT,5172,1,3,8100000,7652206,31031474,79.32,52.84,0.26
UNIT,5172,1,4,7212982,6589449,23379268,70.64,39.81,0.31
UNIT,5172,1,5,5985000,5249430,16789819,58.61,28.59,0.36
UNIT,5172,1,6,4546749,4022440,11540389,44.53,19.65,0.39
UNIT,5172,1,7,3520000,2938775,7517949,34.47,12.8,0.47
UNIT,5172,1,8,2393637,2079259,4579174,23.44,7.8,0.52
UNIT,5172,1,9,1780000,1341577,2499915,17.43,4.26,0.71
UNIT,5172,1,10,946644,766764,1158338,9.27,1.97,0.82
UNIT,5172,1,11,6.00E+05,363217,391574,5.88,0.67,1.53
UNIT,5172,1,12,170142,28357,28357,1.67,0.05,6
UNIT,5172,1,12.5,0,0,0,0,0,0
NEQU,5222,1,0,1722498,1646676,13385933,100,100,0.13
NEQU,5222,1,1,1572000,1487209,11739257,91.26,87.7,0.13
NEQU,5222,1,2,1404000,1326260,10252048,81.51,76.59,0.14
NEQU,5222,1,3,1250010,1213322,8925788,72.57,66.68,0.14
NEQU,5222,1,4,1177000,1131702,7712466,68.33,57.62,0.15
NEQU,5222,1,5,1087000,1046269,6580764,63.11,49.16,0.17
NEQU,5222,1,6,1006059,952537,5534495,58.41,41.35,0.18
NEQU,5222,1,7,9.00E+05,844403,4581958,52.25,34.23,0.2
NEQU,5222,1,8,790000,734508,3737555,45.86,27.92,0.21
NEQU,5222,1,9,680379,634653,3003047,39.5,22.43,0.23
NEQU,5222,1,10,590000,544380,2368394,34.25,17.69,0.25
NEQU,5222,1,11,5.00E+05,455322,1824014,29.03,13.63,0.27
NEQU,5222,1,12,412060,379064,1368692,23.92,10.22,0.3
NEQU,5222,1,13,347000,309261,989628,20.15,7.39,0.35
NEQU,5222,1,14,273000,234186,680367,15.85,5.08,0.4
NEQU,5222,1,15,197410,179414,446181,11.46,3.33,0.44
NEQU,5222,1,16,162000,135699,266767,9.4,1.99,0.61
NEQU,5222,1,17,111000,91637,131068,6.44,0.98,0.85
NEQU,5222,1,18,73554,38614,39431,4.27,0.29,1.87
NEQU,5222,1,19,12259,817,817,0.71,0.01,15
NEQU,5222,1,19.2,0,0,0,0,0,0
COBB,5236,1,0,21640828,20662817,158559371,100,100,0.14
COBB,5236,1,1,19700000,18741973,137896554,91.03,86.97,0.14
COBB,5236,1,2,17800000,16840954,119154581,82.25,75.15,0.15
COBB,5236,1,3,15899781,15143700,102313627,73.47,64.53,0.16
COBB,5236,1,4,14400000,13643127,87169927,66.54,54.98,0.17
COBB,5236,1,5,12900000,12160408,73526800,59.61,46.37,0.18
COBB,5236,1,6,11435518,10827165,61366392,52.84,38.7,0.19
COBB,5236,1,7,10230000,9674787,50539227,47.27,31.87,0.2
COBB,5236,1,8,9130000,8520938,40864440,42.19,25.77,0.22
COBB,5236,1,9,7926057,7252920,32343502,36.63,20.4,0.25
COBB,5236,1,10,6600000,5938130,25090582,30.5,15.82,0.26
COBB,5236,1,11,5300000,4609638,19152452,24.49,12.08,0.28
COBB,5236,1,12,3952176,3569478,14542814,18.26,9.17,0.27
COBB,5236,1,13,3200000,2790427,10973336,14.79,6.92,0.29
COBB,5236,1,14,2400000,1958636,8182909,11.09,5.16,0.29
COBB,5236,1,15,1548260,1422323,6224273,7.15,3.93,0.25
COBB,5236,1,16,1300000,1130981,4801950,6.01,3.03,0.27
COBB,5236,1,17,970000,790691,3670969,4.48,2.32,0.26
COBB,5236,1,18,624046,576836,2880278,2.88,1.82,0.22
COBB,5236,1,19,530881,480014,2303442,2.45,1.45,0.23
COBB,5236,1,20,430884,385749,1823428,1.99,1.15,0.24
COBB,5236,1,21,342311,320923,1437679,1.58,0.91,0.24
COBB,5236,1,22,3.00E+05,274620,1116756,1.39,0.7,0.27
COBB,5236,1,23,250000,236336,842136,1.16,0.53,0.3
COBB,5236,1,24,222931,199004,605800,1.03,0.38,0.37
COBB,5236,1,25,176000,136222,406796,0.81,0.26,0.43
COBB,5236,1,26,1.00E+05,90125,270574,0.46,0.17,0.37
COBB,5236,1,27,80598,75237,180449,0.37,0.11,0.45
COBB,5236,1,28,70000,64936,105212,0.32,0.07,0.67
COBB,5236,1,29,60000,37209,40276,0.28,0.03,1.49
COBB,5236,1,30,18400,3067,3067,0.09,0,6
COBB,5236,1,30.5,0,0,0,0,0,0
LONG,5272,1,0,5408885,5269671,48056118,100,100,0.11
LONG,5272,1,1,5131672,4992425,42786447,94.87,89.03,0.12
LONG,5272,1,2,4854460,4715174,37794022,89.75,78.65,0.13
LONG,5272,1,3,4577247,4437919,33078848,84.62,68.83,0.14
LONG,5272,1,4,4300034,4160658,28640929,79.5,59.6,0.15
LONG,5272,1,5,4022822,3883391,24480271,74.37,50.94,0.16
LONG,5272,1,6,3745609,3561252,20596880,69.25,42.86,0.18
LONG,5272,1,7,3380023,3195487,17035628,62.49,35.45,0.2
LONG,5272,1,8,3014437,2829675,13840141,55.73,28.8,0.22
LONG,5272,1,9,2648851,2463797,11010466,48.97,22.91,0.24
LONG,5272,1,10,2283266,2097817,8546669,42.21,17.78,0.27
LONG,5272,1,11,1917680,1731668,6448852,35.45,13.42,0.3
LONG,5272,1,12,1552094,1422249,4717184,28.7,9.82,0.33
LONG,5272,1,13,1296242,1165975,3294935,23.97,6.86,0.39
LONG,5272,1,14,1040391,909461,2128960,19.23,4.43,0.49
LONG,5272,1,16,528688,393773,567080,9.77,1.18,0.93
LONG,5272,1,17,272836,119298,173307,5.04,0.36,1.57
LONG,5272,1,18,16985,15606,54009,0.31,0.11,0.31
LONG,5272,1,19,14267,12973,38403,0.26,0.08,0.37
LONG,5272,1,20,11720,10331,25430,0.22,0.05,0.46
LONG,5272,1,21,9002,7693,15099,0.17,0.03,0.6
LONG,5272,1,22,6454,5034,7406,0.12,0.02,0.87
LONG,5272,1,23,3737,2236,2372,0.07,0,1.58
LONG,5272,1,24,1019,136,136,0.02,0,7.49
LONG,5272,1,24.4,0,0,0,0,0,0
LONG,5272,2,0,5377551,5204341,45292125,100,100,0.12
LONG,5272,2,1,5033031,4859783,40087784,93.59,88.51,0.13
LONG,5272,2,2,4688570,4515230,35228001,87.19,77.78,0.13
LONG,5272,2,3,4344080,4170649,30712771,80.78,67.81,0.14
LONG,5272,2,4,3999590,3826052,26542122,74.38,58.6,0.15
LONG,5272,2,5,3655099,3481433,22716070,67.97,50.15,0.16
LONG,5272,2,6,3310609,3108599,19234637,61.56,42.47,0.17
LONG,5272,2,7,2910874,2708548,16126038,54.13,35.6,0.18
LONG,5272,2,8,2511140,2308387,13417490,46.7,29.62,0.19
LONG,5272,2,9,2111406,1908046,11109103,39.26,24.53,0.19
LONG,5272,2,10,1711671,1507380,9201057,31.83,20.31,0.19
LONG,5272,2,11,1311936,1106033,7693677,24.4,16.99,0.17
LONG,5272,2,12,912202,866749,6587644,16.96,14.54,0.14
LONG,5272,2,13,822077,776579,5720895,15.29,12.63,0.14
LONG,5272,2,14,731953,686397,4944316,13.61,10.92,0.15
LONG,5272,2,15,641828,596198,4257919,11.94,9.4,0.15
LONG,5272,2,16,551703,505972,3661721,10.26,8.08,0.15
LONG,5272,2,17,461579,415702,3155749,8.58,6.97,0.15
LONG,5272,2,18,371454,358492,2740047,6.91,6.05,0.14
LONG,5272,2,19,345684,332716,2381555,6.43,5.26,0.15
LONG,5272,2,20,319914,306938,2048839,5.95,4.52,0.16
LONG,5272,2,21,294143,281160,1741901,5.47,3.85,0.17
LONG,5272,2,22,268373,255380,1460741,4.99,3.23,0.18
LONG,5272,2,23,242603,229597,1205361,4.51,2.66,0.2
LONG,5272,2,24,216833,205268,975764,4.03,2.15,0.22
LONG,5272,2,25,193916,182338,770496,3.61,1.7,0.25
LONG,5272,2,26,171000,159404,588158,3.18,1.3,0.29
LONG,5272,2,27,148083,136465,428754,2.75,0.95,0.35
LONG,5272,2,28,125167,113516,292289,2.33,0.65,0.43
LONG,5272,2,29,102250,90550,178773,1.9,0.39,0.57
LONG,5272,2,30,79334,61483,88223,1.48,0.19,0.9
LONG,5272,2,31,45220,25709,26740,0.84,0.06,1.69
LONG,5272,2,32,10313,1031,1031,0.19,0,10
LONG,5272,2,32.3,0,0,0,0,0,0
GOUL,5290,1,0,88462,83176,303550,100,100,0.29
GOUL,5290,1,1,78000,72783,220374,88.17,72.6,0.35
GOUL,5290,1,2,67688,58252,147591,76.52,48.62,0.46
GOUL,5290,1,3,49300,39774,89339,55.73,29.43,0.55
GOUL,5290,1,4,30956,25252,49565,34.99,16.33,0.62
GOUL,5290,1,5,19950,13613,24313,22.55,8.01,0.82
GOUL,5290,1,6,8144,6399,10700,9.21,3.52,0.76
GOUL,5290,1,7,4800,2842,4301,5.43,1.42,1.12
GOUL,5290,1,8,1263,986,1459,1.43,0.48,0.87
GOUL,5290,1,9,732,445,473,0.83,0.16,1.55
GOUL,5290,1,10,210,28,28,0.24,0.01,7.5
GOUL,5290,1,10.4,0,0,0,0,0,0
SILV,5294,1,0,122332,114590,631662,100,100,0.19
SILV,5294,1,1,107018,99289,517072,87.48,81.86,0.21
SILV,5294,1,2,91756,83957,417783,75.01,66.14,0.22
SILV,5294,1,3,76392,71345,333826,62.45,52.85,0.23
SILV,5294,1,4,66415,61428,262481,54.29,41.55,0.25
SILV,5294,1,5,56572,50758,201053,46.24,31.83,0.28
SILV,5294,1,6,45159,39303,150295,36.92,23.79,0.3
SILV,5294,1,7,33724,29793,110992,27.57,17.57,0.3
SILV,5294,1,8,26027,21345,81199,21.28,12.85,0.32
SILV,5294,1,9,16984,14632,59854,13.88,9.48,0.28
SILV,5294,1,10,12400,11022,45222,10.14,7.16,0.27
SILV,5294,1,11,9700,8378,34200,7.93,5.41,0.28
SILV,5294,1,12,7122,6553,25822,5.82,4.09,0.28
SILV,5294,1,13,6000,5595,19269,4.9,3.05,0.31
SILV,5294,1,14,5200,4693,13674,4.25,2.16,0.38
SILV,5294,1,15,4204,3847,8981,3.44,1.42,0.47
SILV,5294,1,16,3500,2933,5134,2.86,0.81,0.68
SILV,5294,1,17,2400,1815,2201,1.96,0.35,1.09
SILV,5294,1,18,1288,386,386,1.05,0.06,3.34
SILV,5294,1,18.9,0,0,0,0,0,0
FAIR,5296,1,0,56155,47743,152084,100,100,0.37
FAIR,5296,1,1,39800,31143,104341,70.88,68.61,0.38
FAIR,5296,1,2,23226,20714,73198,41.36,48.13,0.32
FAIR,5296,1,3,18300,15781,52484,32.59,34.51,0.35
FAIR,5296,1,4,13389,12278,36703,23.84,24.13,0.36
FAIR,5296,1,5,11200,10287,24425,19.94,16.06,0.46
FAIR,5296,1,6,9400,7631,14138,16.74,9.3,0.66
FAIR,5296,1,7,5990,4046,6507,10.67,4.28,0.92
FAIR,5296,1,8,2375,1518,2461,4.23,1.62,0.97
FAIR,5296,1,9,800,807,943,1.42,0.62,0.85
FAIR,5296,1,10,814,136,136,1.45,0.09,5.99
FAIR,5296,1,10.5,0,0,0,0,0,0
TORS,5307,1,0,2304981,2099233,9000306,100,100,0.26
TORS,5307,1,1,1900000,1696065,6901073,82.43,76.68,0.28
TORS,5307,1,2,1500000,1287063,5205008,65.08,57.83,0.29
TORS,5307,1,3,1085286,1015870,3917945,47.08,43.53,0.28
TORS,5307,1,4,948000,862636,2902075,41.13,32.24,0.33
TORS,5307,1,5,780000,702554,2039439,33.84,22.66,0.38
TORS,5307,1,6,627857,541757,1336885,27.24,14.85,0.47
TORS,5307,1,7,460000,371747,795128,19.96,8.83,0.58
TORS,5307,1,8,290000,199885,423381,12.58,4.7,0.68
TORS,5307,1,9,121752,105477,223496,5.28,2.48,0.54
TORS,5307,1,10,90000,71238,118019,3.9,1.31,0.76
TORS,5307,1,11,54000,33663,46781,2.34,0.52,1.15
TORS,5307,1,12,16837,11507,13118,0.73,0.15,1.28
TORS,5307,1,13,6903,1611,1611,0.3,0.02,4.28
TORS,5307,1,13.7,0,0,0,0,0,0
MARA,5312,1,0,7134265,6840053,61585450,100,100,0.12
MARA,5312,1,1,6550000,6272483,54745397,91.81,88.89,0.12
MARA,5312,1,2,5999000,5700947,48472914,84.09,78.71,0.12
MARA,5312,1,3,5408000,5126469,42771967,75.8,69.45,0.13
MARA,5312,1,4,4850000,4569691,37645498,67.98,61.13,0.13
MARA,5312,1,5,4295000,3977893,33075807,60.2,53.71,0.13
MARA,5312,1,6,3669000,3388374,29097914,51.43,47.25,0.13
MARA,5312,1,7,3115292,2976312,25709540,43.67,41.75,0.12
MARA,5312,1,8,2839462,2685243,22733228,39.8,36.91,0.12
MARA,5312,1,9,2533922,2378290,20047985,35.52,32.55,0.13
MARA,5312,1,10,2225981,2111983,17669695,31.2,28.69,0.13
MARA,5312,1,11,2.00E+06,1894030,15557712,28.03,25.26,0.13
MARA,5312,1,12,1790000,1683908,13663682,25.09,22.19,0.13
MARA,5312,1,13,1580000,1465340,11979774,22.15,19.45,0.13
MARA,5312,1,14,1353597,1296384,10514434,18.97,17.07,0.13
MARA,5312,1,15,1240000,1179491,9218050,17.38,14.97,0.13
MARA,5312,1,16,1120000,1059434,8038559,15.7,13.05,0.14
MARA,5312,1,17,1.00E+06,949561,6979125,14.02,11.33,0.14
MARA,5312,1,18,9.00E+05,843891,6029564,12.62,9.79,0.15
MARA,5312,1,19,789000,733825,5185673,11.06,8.42,0.15
MARA,5312,1,20,680000,616195,4451848,9.53,7.23,0.15
MARA,5312,1,21,554522,531599,3835653,7.77,6.23,0.14
MARA,5312,1,22,509000,494429,3304054,7.13,5.36,0.15
MARA,5312,1,23,480000,449666,2809625,6.73,4.56,0.17
MARA,5312,1,24,420000,402373,2359959,5.89,3.83,0.18
MARA,5312,1,25,385000,352000,1957586,5.4,3.18,0.2
MARA,5312,1,26,320000,306401,1605586,4.49,2.61,0.2
MARA,5312,1,27,293000,267647,1299185,4.11,2.11,0.23
MARA,5312,1,28,243070,226334,1031538,3.41,1.67,0.24
MARA,5312,1,29,210000,199917,805204,2.94,1.31,0.26
MARA,5312,1,30,190000,176841,605287,2.66,0.98,0.31
MARA,5312,1,31,164000,141428,428446,2.3,0.7,0.38
MARA,5312,1,32,120000,105690,287018,1.68,0.47,0.42
MARA,5312,1,33,92000,75432,181328,1.29,0.29,0.51
MARA,5312,1,34,60000,44430,105896,0.84,0.17,0.57
MARA,5312,1,35,30506,26601,61466,0.43,0.1,0.5
MARA,5312,1,36,22879,18938,34865,0.32,0.06,0.66
MARA,5312,1,37,15253,12571,15927,0.21,0.03,0.96
MARA,5312,1,38,10067,3356,3356,0.14,0.01,3
MARA,5312,1,39,0,0,0,0,0,0
WEBB,5408,1,0,4854978,4514502,23504130,100,100,0.21
WEBB,5408,1,1,4182380,3841170,18989628,86.15,80.79,0.22
WEBB,5408,1,2,3509781,3167526,15148458,72.29,64.45,0.23
WEBB,5408,1,3,2837183,2654199,11980932,58.44,50.97,0.24
WEBB,5408,1,4,2475327,2292018,9326733,50.99,39.68,0.27
WEBB,5408,1,5,2113472,1929715,7034715,43.53,29.93,0.3
WEBB,5408,1,6,1751616,1588697,5105000,36.08,21.72,0.34
WEBB,5408,1,7,1431168,1267565,3516303,29.48,14.96,0.41
WEBB,5408,1,8,1110721,945963,2248738,22.88,9.57,0.49
WEBB,5408,1,9,790273,668987,1302775,16.28,5.54,0.61
WEBB,5408,1,10,554635,431420,633788,11.42,2.7,0.88
WEBB,5408,1,11,318997,188475,202368,6.57,0.86,1.58
WEBB,5408,1,12,83359,13893,13893,1.72,0.06,6
WEBB,5408,1,12.5,0,0,0,0,0,0
THRE,5416,1,0,4575866,4305153,22545505,100,100,0.2
THRE,5416,1,1,4040000,3775179,18240352,88.29,80.9,0.22
THRE,5416,1,2,3516411,3306019,14465173,76.85,64.16,0.24
THRE,5416,1,3,3100000,2886614,11159154,67.75,49.5,0.28
THRE,5416,1,4,2678363,2481648,8272540,58.53,36.69,0.32
THRE,5416,1,5,2290000,2086017,5790892,50.05,25.69,0.4
THRE,5416,1,6,1888480,1611726,3704875,41.27,16.43,0.51
THRE,5416,1,7,1350000,1069450,2093149,29.5,9.28,0.64
THRE,5416,1,8,811607,643529,1023699,17.74,4.54,0.79
THRE,5416,1,9,489000,297032,380170,10.69,1.69,1.29
THRE,5416,1,10,140232,79913,83138,3.06,0.37,1.69
THRE,5416,1,11,32253,3225,3225,0.7,0.01,10
THRE,5416,1,11.3,0,0,0,0,0,0
THRE,5424,1,0,727444,662700,2371985,100,100,0.31
THRE,5424,1,1,6.00E+05,535752,1709285,82.48,72.06,0.35
THRE,5424,1,2,473978,415685,1173533,65.16,49.47,0.4
THRE,5424,1,3,360000,300435,757848,49.49,31.95,0.48
THRE,5424,1,4,244576,202413,457413,33.62,19.28,0.53
THRE,5424,1,5,163000,119671,255000,22.41,10.75,0.64
THRE,5424,1,6,81064,65997,135329,11.14,5.71,0.6
THRE,5424,1,7,52000,37142,69332,7.15,2.92,0.75
THRE,5424,1,8,24057,20955,32190,3.31,1.36,0.75
THRE,5424,1,9,18000,11057,11235,2.47,0.47,1.6
THRE,5424,1,10,5354,178,178,0.74,0.01,30.08
THRE,5424,1,10.1,0,0,0,0,0,0
CHIN,5448,1,0,7230000,7109662,70608121,100,100,0.1
CHIN,5448,1,1,6990000,6723259,63498459,96.68,89.93,0.11
CHIN,5448,1,2,6460000,6289234,56775200,89.35,80.41,0.11
CHIN,5448,1,3,6120000,5903695,50485966,84.65,71.5,0.12
CHIN,5448,1,4,5690000,5569569,44582271,78.7,63.14,0.13
CHIN,5448,1,5,5450000,5238597,39012702,75.38,55.25,0.14
CHIN,5448,1,6,5030000,4808322,33774105,69.57,47.83,0.15
CHIN,5448,1,7,4590000,4332498,28965783,63.49,41.02,0.16
CHIN,5448,1,8,4080000,3878281,24633285,56.43,34.89,0.17
CHIN,5448,1,9,3680000,3447442,20755004,50.9,29.39,0.18
CHIN,5448,1,10,3220000,2971632,17307562,44.54,24.51,0.19
CHIN,5448,1,11,2730000,2583643,14335930,37.76,20.3,0.19
CHIN,5448,1,12,2440000,2288361,11752287,33.75,16.64,0.21
CHIN,5448,1,13,2140000,1931370,9463926,29.6,13.4,0.23
CHIN,5448,1,14,1730000,1582785,7532556,23.93,10.67,0.23
CHIN,5448,1,15,1440000,1343880,5949771,19.92,8.43,0.24
CHIN,5448,1,16,1250000,1143392,4605891,17.29,6.52,0.27
CHIN,5448,1,17,1040000,943404,3462499,14.38,4.9,0.3
CHIN,5448,1,18,850000,758217,2519095,11.76,3.57,0.34
CHIN,5448,1,19,670000,588184,1760878,9.27,2.49,0.38
CHIN,5448,1,20,510000,438132,1172694,7.05,1.66,0.43
CHIN,5448,1,21,370000,313387,734562,5.12,1.04,0.5
CHIN,5448,1,22,260000,213413,421175,3.6,0.6,0.62
CHIN,5448,1,23,170000,122206,207762,2.35,0.29,0.82
CHIN,5448,1,24,80000,58856,85556,1.11,0.12,0.94
CHIN,5448,1,25,40000,23333,26700,0.55,0.04,1.5
CHIN,5448,1,26,10000,3367,3367,0.14,0,2.97
CHIN,5448,2,0,5540000,5191177,31662648,100,100,0.17
CHIN,5448,2,1,4850000,4699202,26471471,87.55,83.6,0.18
CHIN,5448,2,2,4550000,4246466,21772269,82.13,68.76,0.21
CHIN,5448,2,3,3950000,3849567,17525803,71.3,55.35,0.23
CHIN,5448,2,4,3750000,3414681,13676236,67.69,43.19,0.27
CHIN,5448,2,5,3090000,2815682,10261555,55.78,32.41,0.3
CHIN,5448,2,6,2550000,2300647,7445873,46.03,23.52,0.34
CHIN,5448,2,7,2060000,1762027,5145226,37.18,16.25,0.4
CHIN,5448,2,8,1480000,1264172,3383199,26.71,10.69,0.44
CHIN,5448,2,9,1060000,911146,2119027,19.13,6.69,0.5
CHIN,5448,2,10,770000,630161,1207881,13.9,3.81,0.64
CHIN,5448,2,11,5.00E+05,373518,577720,9.03,1.82,0.87
CHIN,5448,2,12,260000,161407,204202,4.69,0.64,1.27
CHIN,5448,2,13,80000,39428,42795,1.44,0.14,1.87
CHIN,5448,2,14,10000,3367,3367,0.18,0.01,2.97
CHIN,5448,3,0,3160000,3079654,19675130,100,100,0.16
CHIN,5448,3,1,3.00E+06,2874094,16595476,94.94,84.35,0.18
CHIN,5448,3,2,2750000,2521652,13721382,87.03,69.74,0.2
CHIN,5448,3,3,2300000,2096818,11199730,72.78,56.92,0.21
CHIN,5448,3,4,1900000,1879965,9102912,60.13,46.27,0.21
CHIN,5448,3,5,1860000,1723236,7222947,58.86,36.71,0.26
CHIN,5448,3,6,1590000,1416596,5499711,50.32,27.95,0.29
CHIN,5448,3,7,1250000,1096575,4083115,39.56,20.75,0.31
CHIN,5448,3,8,950000,868771,2986540,30.06,15.18,0.32
CHIN,5448,3,9,790000,698063,2117769,25,10.76,0.37
CHIN,5448,3,10,610000,506700,1419706,19.3,7.22,0.43
CHIN,5448,3,11,410000,348273,913006,12.97,4.64,0.45
CHIN,5448,3,12,290000,243611,564733,9.18,2.87,0.51
CHIN,5448,3,13,2.00E+05,163748,321122,6.33,1.63,0.62
CHIN,5448,3,14,130000,103993,157374,4.11,0.8,0.83
CHIN,5448,3,15,80000,46667,53381,2.53,0.27,1.5
CHIN,5448,3,16,20000,6714,6714,0.63,0.03,2.98
BEAV,5582,1,0,283344,262400,1078867,100,100,0.26
BEAV,5582,1,1,242000,220150,816467,85.41,75.68,0.3
BEAV,5582,1,2,199000,178030,596317,70.23,55.27,0.33
BEAV,5582,1,3,157853,140065,418287,55.71,38.77,0.38
BEAV,5582,1,4,123000,103950,278222,43.41,25.79,0.44
BEAV,5582,1,5,86000,67703,174272,30.35,16.15,0.49
BEAV,5582,1,6,50929,44307,106569,17.97,9.88,0.48
BEAV,5582,1,7,38000,31811,62262,13.41,5.77,0.61
BEAV,5582,1,8,26000,19679,30451,9.18,2.82,0.85
BEAV,5582,1,9,13975,9468,10772,4.93,1,1.3
BEAV,5582,1,10,5590,1304,1304,1.97,0.12,4.29
BEAV,5582,1,10.7,0,0,0,0,0,0
LITT,5706,1,0,280458,264063,1551093,100,100,0.18
LITT,5706,1,1,248000,231304,1287030,88.43,82.98,0.19
LITT,5706,1,2,215000,198138,1055726,76.66,68.06,0.2
LITT,5706,1,3,181741,172795,857588,64.8,55.29,0.21
LITT,5706,1,4,164000,154045,684793,58.48,44.15,0.24
LITT,5706,1,5,144300,135509,530748,51.45,34.22,0.27
LITT,5706,1,6,126904,114226,395239,45.25,25.48,0.32
LITT,5706,1,7,102000,89732,281013,36.37,18.12,0.36
LITT,5706,1,8,78000,65229,191281,27.81,12.33,0.41
LITT,5706,1,9,53244,47823,126052,18.98,8.13,0.42
LITT,5706,1,10,42600,36858,78229,15.19,5.04,0.54
LITT,5706,1,11,31400,25611,41371,11.2,2.67,0.76
LITT,5706,1,12,20229,13825,15760,7.21,1.02,1.28
LITT,5706,1,13,8294,1935,1935,2.96,0.12,4.29
LITT,5706,1,13.7,0,0,0,0,0,0
LONG,5780,1,0,20973786,20484813,161824678,100,100,0.13
LONG,5780,1,1,19999700,19447259,141339865,95.36,87.34,0.14
LONG,5780,1,2,18900000,18358912,121892606,90.11,75.32,0.16
LONG,5780,1,3,17823088,17005088,103533694,84.98,63.98,0.17
LONG,5780,1,4,16200000,15393069,86528606,77.24,53.47,0.19
LONG,5780,1,5,14600000,13763275,71135537,69.61,43.96,0.21
LONG,5780,1,6,12943176,12035451,57372262,61.71,35.45,0.23
LONG,5780,1,7,11150000,10313996,45336811,53.16,28.02,0.25
LONG,5780,1,8,9500000,8584383,35022815,45.29,21.64,0.27
LONG,5780,1,9,7700238,7014281,26438432,36.71,16.34,0.29
LONG,5780,1,10,6350000,5652709,19424151,30.28,12,0.33
LONG,5780,1,11,4983000,4201948,13771442,23.76,8.51,0.36
LONG,5780,1,12,3466622,3101404,9569494,16.53,5.91,0.36
LONG,5780,1,13,2750000,2364805,6468090,13.11,4,0.43
LONG,5780,1,14,1999500,1586194,4103285,9.53,2.54,0.49
LONG,5780,1,15,1206130,1099390,2517091,5.75,1.56,0.48
LONG,5780,1,16,996000,871148,1417701,4.75,0.88,0.7
LONG,5780,1,17,752000,546553,546553,3.59,0.34,1.38
LONG,5780,1,18,364272,0,0,1.74,0,0
LONG,5780,1,18,0,0,0,0,0,0
LITT,8065,1,0,320442,281878,1121959,100,100,0.29
LITT,8065,1,1,245000,205989,840081,76.46,74.88,0.29
LITT,8065,1,2,169303,158634,634092,52.83,56.52,0.27
LITT,8065,1,3,148200,136503,475458,46.25,42.38,0.31
LITT,8065,1,4,125131,112175,338955,39.05,30.21,0.37
LITT,8065,1,5,99700,85369,226780,31.11,20.21,0.44
LITT,8065,1,6,71800,62689,141411,22.41,12.6,0.51
LITT,8065,1,7,54000,44137,78722,16.85,7.02,0.69
LITT,8065,1,8,34961,26298,34585,10.91,3.08,1.01
LITT,8065,1,9,18500,8243,8287,5.77,0.74,2.23
LITT,8065,1,10,1309,44,44,0.41,0,29.75
LITT,8065,1,10.1,0,0,0,0,0,0
BAYO,9685,1,0,2965546,2806294,14704680,100,100,0.2
BAYO,9685,1,1,2650000,2493394,11898386,89.36,80.92,0.22
BAYO,9685,1,2,2340000,2175676,9404992,78.91,63.96,0.25
BAYO,9685,1,3,2015390,1827064,7229316,67.96,49.16,0.28
BAYO,9685,1,4,1645000,1546475,5402252,55.47,36.74,0.3
BAYO,9685,1,5,1450000,1312321,3855777,48.89,26.22,0.38
BAYO,9685,1,6,1179300,1015458,2543456,39.77,17.3,0.46
BAYO,9685,1,7,860000,699250,1527998,29,10.39,0.56
BAYO,9685,1,8,550000,381660,828748,18.55,5.64,0.66
BAYO,9685,1,9,235265,204391,447088,7.93,3.04,0.53
BAYO,9685,1,10,175000,141248,242697,5.9,1.65,0.72
BAYO,9685,1,11,110000,73758,101449,3.71,0.69,1.08
BAYO,9685,1,12,42722,26039,27691,1.44,0.19,1.54
BAYO,9685,1,13,12389,1652,1652,0.42,0.01,7.5
BAYO,9685,1,13.4,0,0,0,0,0,0
TOGU,9931,1,0,2595880,2497300,14182771,100,100,0.18
TOGU,9931,1,1,2400000,2299275,11685471,92.45,82.39,0.21
TOGU,9931,1,2,2200000,2098597,9386196,84.75,66.18,0.23
TOGU,9931,1,3,1998801,1821616,7287599,77,51.38,0.27
TOGU,9931,1,4,1650000,1471527,5465983,63.56,38.54,0.3
TOGU,9931,1,5,1300000,1112003,3994456,50.08,28.16,0.33
TOGU,9931,1,6,934063,838272,2882453,35.98,20.32,0.32
TOGU,9931,1,7,746000,644460,2044181,28.74,14.41,0.36
TOGU,9931,1,8,548000,447887,1399721,21.11,9.87,0.39
TOGU,9931,1,9,354750,321832,951834,13.67,6.71,0.37
TOGU,9931,1,10,290000,248926,630002,11.17,4.44,0.46
TOGU,9931,1,11,210000,177470,381076,8.09,2.69,0.55
TOGU,9931,1,12,146819,120617,203606,5.66,1.44,0.72
TOGU,9931,1,13,96192,69320,82989,3.71,0.59,1.16
TOGU,9931,1,14,45564,13669,13669,1.76,0.1,3.33
TOGU,9931,1,14.9,0,0,0,0,0,0
ANNA,9961,1,0,5298304,4996166,29886048,100,100,0.18
ANNA,9961,1,1,4700000,4396587,24889882,88.71,83.28,0.19
ANNA,9961,1,2,4100000,3783861,20493295,77.38,68.57,0.2
ANNA,9961,1,3,3476294,3362512,16709434,65.61,55.91,0.21
ANNA,9961,1,4,3250000,3022207,13346922,61.34,44.66,0.24
ANNA,9961,1,5,2800000,2602615,10324715,52.85,34.55,0.27
ANNA,9961,1,6,2410100,2201865,7722100,45.49,25.84,0.31
ANNA,9961,1,7,2.00E+06,1770227,5520235,37.75,18.47,0.36
ANNA,9961,1,8,1550000,1299827,3750008,29.25,12.55,0.41
ANNA,9961,1,9,1064792,929247,2450181,20.1,8.2,0.43
ANNA,9961,1,10,8.00E+05,633226,1520934,15.1,5.09,0.53
ANNA,9961,1,11,480000,375052,887708,9.06,2.97,0.54
ANNA,9961,1,12,279124,254166,512656,5.27,1.72,0.54
ANNA,9961,1,13,230000,204490,258490,4.34,0.86,0.89
ANNA,9961,1,14,180000,54000,54000,3.4,0.18,3.33
ANNA,9961,1,14.9,0,0,0,0,0,0