Log:,LPDEP2- 1 of 1
Report Created:, 2019-07-26 14:17:36
Site:, LPDEP2
GPS:, , 
Log Created:, 2019-07-25 10:15:10
Number Readings:, 421
Battery Type:, SmarTROLL™ Battery Pack
Battery SN:, 409706
Device Type:, SmarTROLL™ MP
Device SN:, 424194
Created, Baro (mbar), Temp (C), RDO (mg/L), RDO Sat (%), pH (pH), ORP (mV), Act Cond (µS/cm), Sp Cond (µS/cm), Salinity (psu), Resist (Ohm-cm), Density (g/cm^3), TDS (ppt), Depth (m), Pressure (psi), Air Temp (C)
2019-07-25 10:15:10, 1011.1, 25.22, 8.42, 102.7, 11.86, 149.6, 0.0, 0.0, 0.0, 10000000, 0.997, 0, 0.13, -0.051, 33.20
2019-07-25 10:15:16, 1011.1, 25.47, 8.69, 106.4, 7.50, 209.9, 57.7, 57.1, 0.0, 17343, 0.997, 0, 0.39, 0.320, 33.20
2019-07-25 10:15:26, 1011.1, 25.44, 8.52, 104.3, 7.54, 245.2, 57.4, 56.9, 0.0, 17420, 0.997, 0, 0.48, 0.444, 33.30
2019-07-25 10:15:36, 1011.2, 25.35, 8.42, 102.8, 7.53, 271.4, 57.3, 56.9, 0.0, 17463, 0.997, 0, 0.52, 0.496, 33.30
2019-07-25 10:15:46, 1011.2, 25.37, 8.38, 102.3, 7.55, 292.1, 57.3, 56.9, 0.0, 17450, 0.997, 0, 0.60, 0.619, 33.40
2019-07-25 10:15:56, 1011.1, 25.40, 8.34, 101.9, 7.55, 308.4, 57.3, 56.9, 0.0, 17457, 0.997, 0, 0.59, 0.608, 33.40
2019-07-25 10:16:06, 1011.1, 25.37, 8.33, 101.7, 7.54, 321.4, 57.3, 56.9, 0.0, 17445, 0.997, 0, 0.64, 0.670, 33.50
2019-07-25 10:16:16, 1011.1, 25.33, 8.31, 101.4, 7.53, 334.2, 57.2, 56.8, 0.0, 17485, 0.997, 0, 0.66, 0.694, 33.50
2019-07-25 10:16:26, 1011.1, 25.33, 8.32, 101.5, 7.56, 341.4, 57.2, 56.9, 0.0, 17476, 0.997, 0, 0.70, 0.759, 33.60
2019-07-25 10:16:36, 1011.1, 25.29, 8.32, 101.5, 7.54, 349.9, 57.2, 56.9, 0.0, 17475, 0.997, 0, 0.76, 0.843, 33.70
2019-07-25 10:16:56, 1011.1, 25.32, 8.32, 101.5, 7.54, 362.1, 57.2, 56.9, 0.0, 17483, 0.997, 0, 0.82, 0.928, 33.90
2019-07-25 10:17:06, 1011.1, 25.33, 8.32, 101.5, 7.56, 366.0, 57.2, 56.9, 0.0, 17488, 0.997, 0, 0.88, 1.011, 34.00
2019-07-25 10:17:16, 1011.0, 25.32, 8.31, 101.4, 7.55, 370.6, 57.2, 56.9, 0.0, 17480, 0.997, 0, 0.97, 1.137, 34.10
2019-07-25 10:17:26, 1011.1, 25.32, 8.30, 101.4, 7.55, 374.7, 57.2, 56.8, 0.0, 17485, 0.997, 0, 0.96, 1.122, 34.20
2019-07-25 10:17:36, 1011.1, 25.33, 8.31, 101.4, 7.53, 379.0, 57.2, 56.9, 0.0, 17472, 0.997, 0, 0.99, 1.174, 34.30
2019-07-25 10:17:46, 1011.1, 25.28, 8.28, 101.1, 7.53, 381.0, 57.2, 56.9, 0.0, 17481, 0.997, 0, 1.05, 1.262, 34.40
2019-07-25 10:17:56, 1011.2, 25.25, 8.26, 100.7, 7.55, 382.2, 57.1, 56.8, 0.0, 17507, 0.997, 0, 1.06, 1.276, 34.50
2019-07-25 10:18:06, 1011.2, 25.28, 8.27, 100.8, 7.53, 385.8, 57.2, 56.9, 0.0, 17498, 0.997, 0, 1.10, 1.331, 34.60
2019-07-25 10:18:16, 1011.2, 25.33, 8.29, 101.1, 7.53, 386.8, 57.2, 56.9, 0.0, 17481, 0.997, 0, 1.12, 1.361, 34.70
2019-07-25 10:18:26, 1011.1, 25.33, 8.29, 101.2, 7.54, 387.8, 57.3, 56.9, 0.0, 17463, 0.997, 0, 1.20, 1.476, 34.80
2019-07-25 10:18:36, 1011.1, 25.27, 8.29, 101.2, 7.53, 389.6, 57.2, 56.8, 0.0, 17483, 0.997, 0, 1.30, 1.607, 34.80
2019-07-25 10:18:46, 1011.2, 25.25, 8.29, 101.1, 7.52, 391.1, 57.2, 56.9, 0.0, 17493, 0.997, 0, 1.39, 1.740, 34.80
2019-07-25 10:18:56, 1011.2, 25.28, 8.29, 101.1, 7.51, 392.9, 57.1, 56.8, 0.0, 17504, 0.997, 0, 1.46, 1.840, 34.80
2019-07-25 10:19:06, 1011.2, 25.27, 8.29, 101.0, 7.51, 394.2, 57.2, 56.9, 0.0, 17494, 0.997, 0, 1.50, 1.891, 34.80
2019-07-25 10:19:16, 1011.1, 25.33, 8.28, 101.0, 7.52, 393.0, 57.2, 56.9, 0.0, 17469, 0.997, 0, 1.56, 1.979, 34.70
2019-07-25 10:19:26, 1011.2, 25.32, 8.28, 101.0, 7.50, 395.1, 57.3, 56.9, 0.0, 17465, 0.997, 0, 1.62, 2.060, 34.60
2019-07-25 10:19:36, 1011.1, 25.26, 8.26, 100.7, 7.52, 394.2, 57.2, 56.9, 0.0, 17475, 0.997, 0, 1.71, 2.192, 34.50
2019-07-25 10:19:46, 1011.0, 25.28, 8.25, 100.5, 7.52, 394.3, 57.1, 56.8, 0.0, 17519, 0.997, 0, 1.77, 2.278, 34.40
2019-07-25 10:19:56, 1011.1, 25.28, 8.25, 100.6, 7.53, 394.7, 57.3, 57.0, 0.0, 17463, 0.997, 0, 1.77, 2.275, 34.30
2019-07-25 10:20:06, 1011.2, 25.30, 8.26, 100.7, 7.51, 396.3, 57.2, 56.9, 0.0, 17474, 0.997, 0, 1.87, 2.419, 34.20
2019-07-25 10:20:16, 1011.1, 25.32, 8.26, 100.8, 7.48, 397.5, 57.3, 56.9, 0.0, 17464, 0.997, 0, 1.94, 2.519, 34.10
2019-07-25 10:20:26, 1011.1, 25.28, 8.25, 100.7, 7.49, 397.0, 57.3, 56.9, 0.0, 17462, 0.997, 0, 1.97, 2.568, 34.00
2019-07-25 10:20:36, 1011.2, 25.23, 8.21, 100.1, 7.47, 397.8, 57.1, 56.9, 0.0, 17502, 0.997, 0, 2.08, 2.715, 33.90
2019-07-25 10:20:46, 1011.2, 25.22, 8.22, 100.1, 7.51, 396.0, 57.1, 56.8, 0.0, 17518, 0.997, 0, 2.12, 2.783, 33.80
2019-07-25 10:20:56, 1011.1, 25.19, 8.21, 100.0, 7.50, 396.3, 57.1, 56.9, 0.0, 17508, 0.997, 0, 2.20, 2.897, 33.70
2019-07-25 10:21:06, 1011.1, 25.09, 8.23, 100.1, 7.49, 397.2, 57.0, 56.8, 0.0, 17548, 0.997, 0, 2.26, 2.975, 33.70
2019-07-25 10:21:16, 1011.1, 25.05, 8.24, 100.1, 7.49, 396.7, 56.9, 56.8, 0.0, 17571, 0.997, 0, 2.31, 3.047, 33.60
2019-07-25 10:21:26, 1011.1, 25.11, 8.25, 100.2, 7.48, 397.5, 56.9, 56.9, 0.0, 17565, 0.997, 0, 2.37, 3.131, 33.50
2019-07-25 10:21:36, 1011.2, 25.15, 8.24, 100.2, 7.48, 395.7, 57.0, 56.9, 0.0, 17534, 0.997, 0, 2.43, 3.225, 33.50
2019-07-25 10:21:46, 1011.1, 25.19, 8.21, 100.0, 7.48, 396.4, 57.1, 56.9, 0.0, 17514, 0.997, 0, 2.48, 3.284, 33.50
2019-07-25 10:21:56, 1011.1, 25.13, 8.20, 99.8, 7.46, 395.9, 57.1, 56.9, 0.0, 17527, 0.997, 0, 2.48, 3.284, 33.50
2019-07-25 10:22:06, 1011.1, 25.11, 8.21, 99.8, 7.47, 394.6, 57.1, 56.9, 0.0, 17525, 0.997, 0, 2.55, 3.387, 33.50
2019-07-25 10:22:16, 1011.1, 25.14, 8.23, 100.1, 7.48, 393.7, 57.0, 56.9, 0.0, 17540, 0.997, 0, 2.61, 3.475, 33.50
2019-07-25 10:22:26, 1011.2, 25.14, 8.23, 100.1, 7.48, 392.6, 57.0, 56.9, 0.0, 17530, 0.997, 0, 2.65, 3.534, 33.50
2019-07-25 10:22:36, 1011.2, 25.14, 8.22, 100.0, 7.49, 391.4, 57.1, 57.0, 0.0, 17507, 0.997, 0, 2.76, 3.692, 33.50
2019-07-25 10:22:46, 1011.2, 25.14, 8.21, 99.9, 7.49, 390.8, 57.1, 56.9, 0.0, 17516, 0.997, 0, 2.81, 3.764, 33.50
2019-07-25 10:22:56, 1011.2, 25.12, 8.22, 100.0, 7.48, 390.3, 57.1, 56.9, 0.0, 17526, 0.997, 0, 2.85, 3.819, 33.50
2019-07-25 10:23:06, 1011.1, 25.10, 8.23, 100.0, 7.47, 390.2, 57.0, 56.9, 0.0, 17541, 0.997, 0, 2.90, 3.885, 33.50
2019-07-25 10:23:16, 1011.1, 25.10, 8.23, 100.1, 7.49, 387.7, 57.0, 56.9, 0.0, 17547, 0.997, 0, 2.93, 3.926, 33.50
2019-07-25 10:23:26, 1011.2, 25.05, 8.23, 99.9, 7.48, 388.2, 57.0, 57.0, 0.0, 17535, 0.997, 0, 2.96, 3.978, 33.50
2019-07-25 10:23:36, 1011.1, 25.06, 8.24, 100.0, 7.47, 386.3, 56.9, 56.9, 0.0, 17572, 0.997, 0, 3.04, 4.087, 33.50
2019-07-25 10:23:46, 1011.1, 25.08, 8.24, 100.1, 7.47, 385.0, 57.0, 56.9, 0.0, 17553, 0.997, 0, 3.11, 4.190, 33.50
2019-07-25 10:23:56, 1011.2, 25.08, 8.23, 100.0, 7.48, 383.8, 57.0, 57.0, 0.0, 17533, 0.997, 0, 3.11, 4.182, 33.50
2019-07-25 10:24:06, 1011.1, 25.06, 8.23, 100.0, 7.49, 382.4, 57.0, 56.9, 0.0, 17536, 0.997, 0, 3.16, 4.264, 33.60
2019-07-25 10:24:16, 1011.2, 25.07, 8.24, 100.1, 7.47, 382.1, 57.0, 56.9, 0.0, 17545, 0.997, 0, 3.26, 4.395, 33.60
2019-07-25 10:24:26, 1011.1, 25.06, 8.23, 100.0, 7.47, 380.7, 57.0, 56.9, 0.0, 17541, 0.997, 0, 3.32, 4.488, 33.70
2019-07-25 10:24:36, 1011.1, 25.05, 8.24, 100.0, 7.48, 380.1, 56.9, 56.9, 0.0, 17563, 0.997, 0, 3.41, 4.608, 33.70
2019-07-25 10:24:46, 1011.2, 24.96, 8.24, 100.0, 7.47, 378.7, 56.8, 56.8, 0.0, 17596, 0.997, 0, 3.48, 4.706, 33.80
2019-07-25 10:24:56, 1011.1, 24.96, 8.25, 100.0, 7.47, 377.6, 56.8, 56.9, 0.0, 17597, 0.997, 0, 3.56, 4.824, 33.90
2019-07-25 10:25:06, 1011.2, 24.96, 8.25, 100.0, 7.47, 376.7, 56.8, 56.9, 0.0, 17594, 0.997, 0, 3.56, 4.824, 33.90
2019-07-25 10:25:16, 1011.1, 24.95, 8.24, 99.9, 7.46, 375.5, 56.8, 56.8, 0.0, 17607, 0.997, 0, 3.66, 4.961, 34.00
2019-07-25 10:25:26, 1011.1, 24.95, 8.23, 99.8, 7.45, 375.5, 56.9, 56.9, 0.0, 17584, 0.997, 0, 3.68, 4.999, 34.10
2019-07-25 10:25:36, 1011.2, 24.95, 8.24, 99.9, 7.47, 373.0, 56.9, 56.9, 0.0, 17584, 0.997, 0, 3.70, 5.021, 34.10
2019-07-25 10:25:46, 1011.2, 24.94, 8.24, 99.8, 7.46, 372.7, 56.9, 56.9, 0.0, 17579, 0.997, 0, 3.73, 5.065, 34.20
2019-07-25 10:25:56, 1011.1, 24.92, 8.25, 99.9, 7.46, 371.6, 56.8, 56.9, 0.0, 17593, 0.997, 0, 3.71, 5.043, 34.30
2019-07-25 10:26:06, 1011.2, 24.93, 8.24, 99.9, 7.46, 370.3, 56.9, 56.9, 0.0, 17582, 0.997, 0, 3.79, 5.152, 34.30
2019-07-25 10:26:16, 1011.2, 24.91, 8.24, 99.8, 7.46, 370.1, 56.8, 56.9, 0.0, 17610, 0.997, 0, 3.94, 5.362, 34.40
2019-07-25 10:26:26, 1011.3, 24.88, 8.21, 99.4, 7.45, 370.4, 56.8, 56.9, 0.0, 17616, 0.997, 0, 4.01, 5.466, 34.50
2019-07-25 10:26:36, 1011.1, 24.84, 8.17, 98.9, 7.44, 369.1, 56.7, 56.9, 0.0, 17632, 0.997, 0, 4.10, 5.589, 34.50
2019-07-25 10:26:46, 1011.1, 24.85, 8.14, 98.5, 7.46, 366.3, 56.7, 56.8, 0.0, 17651, 0.997, 0, 4.08, 5.565, 34.60
2019-07-25 10:26:56, 1011.2, 24.83, 8.12, 98.3, 7.44, 367.0, 56.7, 56.8, 0.0, 17645, 0.997, 0, 4.22, 5.765, 34.70
2019-07-25 10:27:06, 1011.2, 24.84, 8.11, 98.1, 7.44, 365.7, 56.7, 56.9, 0.0, 17642, 0.997, 0, 4.11, 5.607, 34.80
2019-07-25 10:27:16, 1011.1, 24.81, 8.10, 97.9, 7.43, 365.3, 56.6, 56.8, 0.0, 17655, 0.997, 0, 4.28, 5.851, 34.80
2019-07-25 10:27:26, 1011.2, 24.84, 8.10, 98.0, 7.43, 364.4, 56.7, 56.8, 0.0, 17649, 0.997, 0, 4.21, 5.755, 34.90
2019-07-25 10:27:36, 1011.2, 24.83, 8.11, 98.1, 7.42, 363.5, 56.7, 56.9, 0.0, 17634, 0.997, 0, 4.24, 5.794, 35.00
2019-07-25 10:27:46, 1011.2, 24.80, 8.10, 97.9, 7.42, 362.9, 56.7, 56.8, 0.0, 17650, 0.997, 0, 4.27, 5.837, 35.00
2019-07-25 10:27:56, 1011.2, 24.80, 8.09, 97.8, 7.43, 361.3, 56.6, 56.8, 0.0, 17666, 0.997, 0, 4.31, 5.887, 35.10
2019-07-25 10:28:06, 1011.2, 24.76, 8.08, 97.6, 7.41, 361.2, 56.6, 56.8, 0.0, 17666, 0.997, 0, 4.40, 6.019, 35.10
2019-07-25 10:28:16, 1011.2, 24.72, 8.01, 96.6, 7.40, 360.8, 56.5, 56.8, 0.0, 17689, 0.997, 0, 4.50, 6.169, 35.20
2019-07-25 10:28:26, 1011.1, 24.72, 7.97, 96.2, 7.42, 359.9, 56.5, 56.8, 0.0, 17685, 0.997, 0, 4.57, 6.261, 35.20
2019-07-25 10:28:36, 1011.2, 24.72, 7.94, 95.9, 7.41, 358.6, 56.5, 56.8, 0.0, 17693, 0.997, 0, 4.57, 6.268, 35.30
2019-07-25 10:28:46, 1011.2, 24.73, 7.94, 95.8, 7.42, 357.0, 56.5, 56.8, 0.0, 17706, 0.997, 0, 4.58, 6.276, 35.30
2019-07-25 10:28:56, 1011.1, 24.71, 7.93, 95.7, 7.42, 356.1, 56.5, 56.8, 0.0, 17695, 0.997, 0, 4.67, 6.409, 35.40
2019-07-25 10:29:06, 1011.2, 24.69, 7.93, 95.6, 7.44, 355.2, 56.4, 56.8, 0.0, 17721, 0.997, 0, 4.65, 6.379, 35.40
2019-07-25 10:29:16, 1011.2, 24.69, 7.90, 95.3, 7.40, 355.7, 56.4, 56.8, 0.0, 17720, 0.997, 0, 4.63, 6.354, 35.50
2019-07-25 10:29:26, 1011.1, 24.62, 7.87, 94.9, 7.40, 355.2, 56.4, 56.7, 0.0, 17735, 0.997, 0, 4.76, 6.528, 35.50
2019-07-25 10:29:36, 1011.1, 24.42, 7.81, 93.9, 7.42, 353.1, 56.1, 56.6, 0.0, 17837, 0.997, 0, 4.81, 6.610, 35.50
2019-07-25 10:29:46, 1011.2, 24.26, 7.75, 92.8, 7.41, 353.1, 55.8, 56.5, 0.0, 17930, 0.997, 0, 4.88, 6.708, 35.50
2019-07-25 10:29:56, 1011.2, 24.36, 7.75, 92.7, 7.41, 352.5, 55.9, 56.7, 0.0, 17900, 0.997, 0, 4.97, 6.825, 35.50
2019-07-25 10:30:06, 1011.2, 24.12, 7.76, 93.1, 7.42, 352.0, 55.8, 56.4, 0.0, 17925, 0.997, 0, 5.01, 6.891, 35.60
2019-07-25 10:30:16, 1011.2, 23.61, 7.73, 90.9, 7.43, 351.7, 54.6, 56.4, 0.0, 18318, 0.997, 0, 5.11, 7.034, 35.60
2019-07-25 10:30:26, 1011.1, 23.28, 7.46, 88.2, 7.42, 353.2, 54.8, 56.3, 0.0, 18262, 0.997, 0, 5.13, 7.060, 35.60
2019-07-25 10:30:36, 1011.1, 22.53, 7.03, 81.8, 7.44, 353.2, 53.3, 55.7, 0.0, 18744, 0.998, 0, 5.28, 7.276, 35.60
2019-07-25 10:30:46, 1011.2, 22.18, 6.82, 78.8, 7.43, 352.6, 52.8, 55.6, 0.0, 18941, 0.998, 0, 5.34, 7.353, 35.60
2019-07-25 10:30:56, 1011.1, 21.60, 6.55, 74.9, 7.43, 352.4, 52.3, 55.5, 0.0, 19132, 0.998, 0, 5.44, 7.493, 35.60
2019-07-25 10:31:06, 1011.1, 21.37, 6.36, 72.3, 7.41, 353.9, 52.2, 55.8, 0.0, 19174, 0.998, 0, 5.55, 7.662, 35.60
2019-07-25 10:31:16, 1011.2, 21.15, 6.27, 70.8, 7.40, 354.4, 51.9, 55.9, 0.0, 19276, 0.998, 0, 5.62, 7.752, 35.70
2019-07-25 10:31:26, 1011.1, 21.15, 6.20, 69.9, 7.39, 354.0, 51.8, 55.9, 0.0, 19320, 0.998, 0, 5.58, 7.702, 35.70
2019-07-25 10:31:36, 1011.2, 20.84, 6.14, 69.1, 7.38, 354.1, 51.7, 56.0, 0.0, 19347, 0.998, 0, 5.72, 7.898, 35.70
2019-07-25 10:31:46, 1011.2, 20.48, 6.10, 68.1, 7.37, 353.5, 51.2, 55.8, 0.0, 19528, 0.998, 0, 5.89, 8.142, 35.80
2019-07-25 10:31:56, 1011.1, 20.12, 6.07, 67.2, 7.37, 352.4, 50.7, 55.7, 0.0, 19743, 0.998, 0, 5.92, 8.179, 35.80
2019-07-25 10:32:06, 1011.1, 19.84, 5.95, 65.5, 7.37, 351.4, 50.4, 55.7, 0.0, 19850, 0.998, 0, 6.06, 8.387, 35.90
2019-07-25 10:32:33, 1011.2, 19.41, 5.54, 60.5, 7.36, 368.9, 49.7, 55.5, 0.0, 20122, 0.998, 0, 6.18, 8.554, 36.00
2019-07-25 10:32:43, 1011.3, 19.13, 5.44, 59.1, 7.36, 364.6, 49.5, 55.6, 0.0, 20182, 0.998, 0, 6.36, 8.814, 36.00
2019-07-25 10:32:53, 1011.2, 18.91, 5.35, 57.9, 7.34, 361.3, 49.3, 55.6, 0.0, 20279, 0.998, 0, 6.39, 8.851, 36.00
2019-07-25 10:33:03, 1011.2, 18.79, 5.30, 57.1, 7.30, 359.3, 49.2, 55.8, 0.0, 20307, 0.998, 0, 6.48, 8.978, 36.00
2019-07-25 10:33:13, 1011.2, 18.62, 5.25, 56.4, 7.34, 355.1, 49.1, 55.8, 0.0, 20385, 0.998, 0, 6.53, 9.057, 36.00
2019-07-25 10:33:23, 1011.1, 18.48, 5.19, 55.6, 7.33, 352.5, 48.9, 55.7, 0.0, 20438, 0.999, 0, 6.60, 9.155, 36.00
2019-07-25 10:33:33, 1011.2, 18.44, 5.13, 54.8, 7.34, 350.7, 48.8, 55.9, 0.0, 20473, 0.999, 0, 6.56, 9.092, 36.10
2019-07-25 10:33:43, 1011.1, 18.43, 5.05, 54.0, 7.29, 349.1, 48.8, 55.8, 0.0, 20473, 0.999, 0, 6.60, 9.150, 36.10
2019-07-25 10:33:53, 1011.2, 18.12, 4.98, 53.2, 7.28, 347.4, 48.7, 55.7, 0.0, 20521, 0.999, 0, 6.75, 9.364, 36.10
2019-07-25 10:34:10, 1011.2, 17.82, 4.86, 51.4, 7.29, 361.5, 48.2, 55.8, 0.0, 20729, 0.999, 0, 6.98, 9.693, 36.20
2019-07-25 10:34:20, 1011.2, 17.81, 4.80, 50.6, 7.28, 356.3, 48.2, 55.9, 0.0, 20761, 0.999, 0, 6.79, 9.425, 36.20
2019-07-25 10:34:30, 1011.1, 17.45, 4.75, 49.9, 7.26, 352.9, 47.9, 55.8, 0.0, 20858, 0.999, 0, 7.00, 9.723, 36.20
2019-07-25 10:34:40, 1011.2, 17.39, 4.67, 48.8, 7.25, 349.1, 47.7, 55.8, 0.0, 20979, 0.999, 0, 7.01, 9.735, 36.20
2019-07-25 10:34:50, 1011.2, 17.27, 4.63, 48.3, 7.26, 345.1, 47.5, 55.8, 0.0, 21042, 0.999, 0, 7.09, 9.846, 36.30
2019-07-25 10:35:00, 1011.1, 17.04, 4.62, 48.1, 7.24, 342.1, 47.4, 55.8, 0.0, 21100, 0.999, 0, 7.19, 9.989, 36.30
2019-07-25 10:35:10, 1011.1, 16.67, 4.53, 46.8, 7.26, 338.1, 47.1, 55.8, 0.0, 21249, 0.999, 0, 7.41, 10.298, 36.30
2019-07-25 10:35:20, 1011.2, 16.65, 4.48, 46.1, 7.24, 335.4, 46.8, 55.7, 0.0, 21376, 0.999, 0, 7.48, 10.400, 36.30
2019-07-25 10:35:30, 1011.1, 16.47, 4.46, 45.8, 7.24, 331.9, 46.7, 55.6, 0.0, 21426, 0.999, 0, 7.49, 10.414, 36.30
2019-07-25 10:35:40, 1011.1, 16.11, 4.45, 45.6, 7.23, 329.2, 46.4, 55.6, 0.0, 21551, 0.999, 0, 7.59, 10.564, 36.40
2019-07-25 10:35:50, 1011.1, 15.85, 4.44, 45.1, 7.21, 327.8, 46.1, 55.7, 0.0, 21696, 0.999, 0, 7.82, 10.892, 36.40
2019-07-25 10:36:00, 1011.1, 15.70, 4.42, 44.7, 7.23, 323.0, 45.7, 55.6, 0.0, 21860, 0.999, 0, 7.91, 11.017, 36.40
2019-07-25 10:36:20, 1011.1, 15.37, 4.38, 43.9, 7.18, 320.6, 45.5, 55.7, 0.0, 21954, 0.999, 0, 8.22, 11.448, 36.40
2019-07-25 10:36:30, 1011.1, 15.28, 4.34, 43.5, 7.17, 317.3, 45.4, 55.7, 0.0, 22020, 0.999, 0, 8.25, 11.500, 36.40
2019-07-25 10:36:40, 1011.1, 15.20, 4.37, 43.7, 7.20, 312.9, 45.2, 55.6, 0.0, 22106, 0.999, 0, 8.17, 11.386, 36.50
2019-07-25 10:36:50, 1011.2, 15.08, 4.42, 44.1, 7.20, 310.6, 45.2, 55.7, 0.0, 22136, 0.999, 0, 8.12, 11.312, 36.50
2019-07-25 10:37:00, 1011.2, 14.90, 4.43, 44.0, 7.18, 308.3, 45.1, 55.7, 0.0, 22177, 0.999, 0, 8.21, 11.443, 36.50
2019-07-25 10:37:10, 1011.2, 14.81, 4.44, 43.9, 7.19, 305.4, 44.9, 55.7, 0.0, 22260, 0.999, 0, 8.22, 11.453, 36.50
2019-07-25 10:37:20, 1011.2, 14.62, 4.46, 44.0, 7.19, 303.3, 44.7, 55.7, 0.0, 22386, 0.999, 0, 8.40, 11.714, 36.50
2019-07-25 10:37:30, 1011.1, 14.54, 4.54, 44.7, 7.17, 301.4, 44.7, 55.8, 0.0, 22390, 0.999, 0, 8.39, 11.691, 36.50
2019-07-25 10:37:40, 1011.1, 14.40, 4.55, 44.7, 7.18, 298.9, 44.6, 55.8, 0.0, 22428, 0.999, 0, 8.48, 11.822, 36.50
2019-07-25 10:37:50, 1011.1, 14.41, 4.51, 44.3, 7.15, 297.1, 44.5, 55.8, 0.0, 22463, 0.999, 0, 8.49, 11.841, 36.50
2019-07-25 10:38:00, 1011.1, 14.39, 4.47, 43.9, 7.14, 294.2, 44.5, 55.8, 0.0, 22493, 0.999, 0, 8.51, 11.861, 36.50
2019-07-25 10:38:10, 1011.1, 14.28, 4.43, 43.4, 7.14, 292.4, 44.5, 55.8, 0.0, 22497, 0.999, 0, 8.64, 12.056, 36.50
2019-07-25 10:38:20, 1011.1, 14.06, 4.42, 43.1, 7.16, 288.8, 44.2, 55.7, 0.0, 22629, 0.999, 0, 8.73, 12.174, 36.50
2019-07-25 10:38:30, 1011.1, 14.03, 4.44, 43.2, 7.15, 286.5, 44.0, 55.8, 0.0, 22709, 0.999, 0, 8.68, 12.103, 36.50
2019-07-25 10:38:47, 1011.1, 14.04, 4.43, 43.2, 7.09, 299.3, 44.2, 55.8, 0.0, 22626, 0.999, 0, 8.63, 12.038, 36.50
2019-07-25 10:38:57, 1011.1, 13.86, 4.49, 43.6, 7.13, 292.8, 44.0, 55.8, 0.0, 22736, 0.999, 0, 8.83, 12.327, 36.50
2019-07-25 10:39:07, 1011.1, 13.77, 4.53, 43.8, 7.13, 288.7, 43.8, 55.8, 0.0, 22808, 0.999, 0, 9.04, 12.623, 36.50
2019-07-25 10:39:17, 1011.2, 13.72, 4.46, 43.2, 7.11, 285.1, 43.8, 55.8, 0.0, 22824, 0.999, 0, 9.12, 12.739, 36.50
2019-07-25 10:39:27, 1011.1, 13.63, 4.49, 43.4, 7.11, 281.5, 43.6, 55.7, 0.0, 22910, 0.999, 0, 9.23, 12.897, 36.50
2019-07-25 10:39:37, 1011.1, 13.53, 4.50, 43.3, 7.11, 277.9, 43.6, 55.8, 0.0, 22924, 0.999, 0, 9.27, 12.941, 36.50
2019-07-25 10:39:47, 1011.1, 13.40, 4.57, 43.9, 7.10, 275.5, 43.4, 55.6, 0.0, 23046, 0.999, 0, 9.45, 13.207, 36.60
2019-07-25 10:39:57, 1011.1, 13.31, 4.64, 44.5, 7.11, 271.5, 43.4, 55.8, 0.0, 23057, 0.999, 0, 9.57, 13.380, 36.60
2019-07-25 10:40:07, 1011.1, 13.24, 4.56, 43.6, 7.10, 268.8, 43.3, 55.8, 0.0, 23094, 0.999, 0, 9.70, 13.566, 36.60
2019-07-25 10:40:17, 1011.1, 13.14, 4.44, 42.4, 7.10, 266.1, 43.2, 55.7, 0.0, 23148, 0.999, 0, 9.75, 13.632, 36.70
2019-07-25 10:40:27, 1011.1, 13.05, 4.40, 42.0, 7.09, 263.6, 43.1, 55.7, 0.0, 23216, 0.999, 0, 9.93, 13.883, 36.70
2019-07-25 10:40:37, 1011.1, 12.98, 4.38, 41.7, 7.06, 263.4, 43.1, 55.8, 0.0, 23222, 0.999, 0, 10.05, 14.058, 36.80
2019-07-25 10:40:47, 1011.1, 12.99, 4.39, 41.8, 7.08, 258.6, 42.9, 55.8, 0.0, 23286, 0.999, 0, 9.97, 13.943, 36.80
2019-07-25 10:40:57, 1011.1, 12.95, 4.42, 42.0, 7.08, 256.1, 42.9, 55.7, 0.0, 23289, 0.999, 0, 10.07, 14.091, 36.90
2019-07-25 10:41:07, 1011.1, 12.90, 4.39, 41.7, 7.06, 255.7, 42.8, 55.7, 0.0, 23350, 0.999, 0, 10.12, 14.153, 37.00
2019-07-25 10:41:17, 1011.1, 12.84, 4.39, 41.6, 7.07, 252.1, 42.8, 55.7, 0.0, 23383, 0.999, 0, 10.21, 14.285, 37.00
2019-07-25 10:41:27, 1011.2, 12.76, 4.42, 41.9, 7.07, 249.4, 42.7, 55.7, 0.0, 23404, 0.999, 0, 10.27, 14.373, 37.10
2019-07-25 10:41:37, 1011.2, 12.76, 4.48, 42.4, 7.06, 247.2, 42.6, 55.6, 0.0, 23469, 0.999, 0, 10.31, 14.425, 37.20
2019-07-25 10:41:47, 1011.2, 12.75, 4.52, 42.7, 7.06, 245.3, 42.6, 55.6, 0.0, 23478, 0.999, 0, 10.32, 14.441, 37.20
2019-07-25 10:41:57, 1011.2, 12.67, 4.60, 43.4, 7.05, 243.3, 42.6, 55.6, 0.0, 23498, 0.999, 0, 10.35, 14.483, 37.30
2019-07-25 10:42:07, 1011.2, 12.62, 4.66, 44.0, 7.03, 242.4, 42.5, 55.7, 0.0, 23510, 0.999, 0, 10.46, 14.641, 37.30
2019-07-25 10:42:17, 1011.2, 12.58, 4.57, 43.0, 7.05, 239.5, 42.5, 55.7, 0.0, 23515, 0.999, 0, 10.51, 14.707, 37.30
2019-07-25 10:42:27, 1011.2, 12.49, 4.56, 42.9, 7.04, 237.7, 42.4, 55.7, 0.0, 23569, 0.999, 0, 10.63, 14.877, 37.30
2019-07-25 10:42:37, 1011.3, 12.49, 4.59, 43.2, 7.04, 236.0, 42.4, 55.7, 0.0, 23611, 0.999, 0, 10.66, 14.922, 37.40
2019-07-25 10:42:47, 1011.2, 12.44, 4.62, 43.4, 7.02, 234.7, 42.4, 55.7, 0.0, 23612, 0.999, 0, 10.82, 15.157, 37.40
2019-07-25 10:42:57, 1011.2, 12.40, 4.60, 43.2, 7.02, 233.8, 42.4, 55.8, 0.0, 23603, 0.999, 0, 10.88, 15.238, 37.30
2019-07-25 10:43:07, 1011.2, 12.37, 4.57, 42.8, 7.00, 231.9, 42.3, 55.8, 0.0, 23631, 0.999, 0, 10.98, 15.382, 37.30
2019-07-25 10:43:17, 1011.2, 12.30, 4.53, 42.5, 7.02, 229.8, 42.2, 55.7, 0.0, 23680, 0.999, 0, 11.05, 15.483, 37.30
2019-07-25 10:43:27, 1011.2, 12.29, 4.53, 42.4, 7.01, 229.4, 42.3, 55.8, 0.0, 23661, 0.999, 0, 11.14, 15.614, 37.30
2019-07-25 10:43:37, 1011.2, 12.27, 4.53, 42.4, 6.98, 227.8, 42.2, 55.8, 0.0, 23674, 0.999, 0, 11.37, 15.929, 37.20
2019-07-25 10:43:47, 1011.2, 12.25, 4.51, 42.2, 6.99, 225.8, 42.2, 55.7, 0.0, 23714, 0.999, 0, 11.40, 15.971, 37.20
2019-07-25 10:43:57, 1011.1, 12.23, 4.54, 42.5, 6.99, 224.5, 42.2, 55.8, 0.0, 23711, 0.999, 0, 11.43, 16.017, 37.10
2019-07-25 10:44:07, 1011.2, 12.17, 4.53, 42.3, 7.00, 222.0, 42.1, 55.8, 0.0, 23728, 0.999, 0, 11.50, 16.126, 37.00
2019-07-25 10:44:17, 1011.2, 12.14, 4.51, 42.1, 6.97, 221.7, 42.1, 55.7, 0.0, 23777, 1.000, 0, 11.59, 16.248, 37.00
2019-07-25 10:44:27, 1011.2, 12.12, 4.60, 42.9, 6.99, 219.2, 42.0, 55.7, 0.0, 23816, 1.000, 0, 11.65, 16.328, 36.90
2019-07-25 10:44:37, 1011.2, 12.10, 4.64, 43.2, 6.98, 218.6, 42.0, 55.7, 0.0, 23827, 1.000, 0, 11.74, 16.464, 36.90
2019-07-25 10:44:47, 1011.2, 12.03, 4.62, 43.1, 6.96, 217.8, 41.9, 55.7, 0.0, 23847, 1.000, 0, 11.91, 16.704, 36.80
2019-07-25 10:44:57, 1011.2, 11.94, 4.63, 43.1, 6.98, 215.3, 41.8, 55.7, 0.0, 23908, 1.000, 0, 11.94, 16.750, 36.80
2019-07-25 10:45:07, 1011.2, 11.93, 4.67, 43.3, 6.96, 214.7, 41.7, 55.6, 0.0, 23967, 1.000, 0, 12.03, 16.874, 36.80
2019-07-25 10:45:17, 1011.3, 11.85, 4.76, 44.1, 6.96, 213.6, 41.7, 55.6, 0.0, 24001, 1.000, 0, 12.18, 17.091, 36.70
2019-07-25 10:45:27, 1011.3, 11.73, 4.86, 44.9, 6.97, 212.5, 41.6, 55.6, 0.0, 24042, 1.000, 0, 12.30, 17.261, 36.70
2019-07-25 10:45:37, 1011.2, 11.67, 4.90, 45.2, 6.97, 210.7, 41.4, 55.5, 0.0, 24150, 1.000, 0, 12.42, 17.425, 36.60
2019-07-25 10:45:47, 1011.2, 11.58, 4.98, 45.9, 6.94, 210.7, 41.3, 55.5, 0.0, 24212, 1.000, 0, 12.50, 17.547, 36.60
2019-07-25 10:46:04, 1011.3, 11.48, 5.26, 48.3, 6.94, 221.2, 41.1, 55.5, 0.0, 24304, 1.000, 0, 12.65, 17.755, 36.60
2019-07-25 10:46:14, 1011.3, 11.38, 5.33, 48.9, 6.95, 216.4, 41.1, 55.5, 0.0, 24350, 1.000, 0, 12.74, 17.889, 36.60
2019-07-25 10:46:24, 1011.2, 11.15, 5.35, 48.9, 6.94, 213.8, 40.8, 55.4, 0.0, 24501, 1.000, 0, 13.05, 18.321, 36.60
2019-07-25 10:46:34, 1011.2, 10.97, 5.46, 49.7, 6.94, 211.5, 40.7, 55.4, 0.0, 24587, 1.000, 0, 13.18, 18.514, 36.60
2019-07-25 10:46:44, 1011.2, 10.74, 5.55, 50.3, 6.95, 209.4, 40.3, 55.3, 0.0, 24784, 1.000, 0, 13.32, 18.714, 36.60
2019-07-25 10:46:54, 1011.3, 10.49, 5.81, 52.3, 6.95, 207.9, 40.0, 55.1, 0.0, 24989, 1.000, 0, 13.53, 19.007, 36.60
2019-07-25 10:47:04, 1011.2, 10.26, 6.01, 53.8, 6.94, 206.4, 39.7, 55.1, 0.0, 25170, 1.000, 0, 13.72, 19.282, 36.60
2019-07-25 10:47:14, 1011.2, 9.94, 6.19, 55.1, 6.94, 204.7, 39.4, 55.0, 0.0, 25353, 1.000, 0, 13.92, 19.558, 36.60
2019-07-25 10:47:24, 1011.2, 9.76, 6.34, 56.1, 6.94, 203.6, 39.2, 55.1, 0.0, 25533, 1.000, 0, 14.02, 19.710, 36.60
2019-07-25 10:47:34, 1011.2, 9.51, 6.52, 57.3, 6.96, 201.4, 38.9, 55.1, 0.0, 25716, 1.000, 0, 14.19, 19.952, 36.50
2019-07-25 10:47:44, 1011.2, 9.33, 6.66, 58.3, 6.96, 200.1, 38.6, 55.0, 0.0, 25892, 1.000, 0, 14.33, 20.143, 36.50
2019-07-25 10:47:54, 1011.2, 9.15, 6.84, 59.6, 6.95, 199.2, 38.5, 55.1, 0.0, 25993, 1.000, 0, 14.35, 20.169, 36.50
2019-07-25 10:48:04, 1011.3, 8.90, 6.94, 60.3, 6.95, 198.1, 38.3, 55.1, 0.0, 26101, 1.000, 0, 14.51, 20.404, 36.50
2019-07-25 10:48:14, 1011.3, 8.76, 6.99, 60.3, 6.96, 197.8, 38.1, 55.1, 0.0, 26270, 1.000, 0, 14.63, 20.565, 36.50
2019-07-25 10:48:24, 1011.2, 8.76, 7.09, 61.1, 6.93, 196.9, 38.1, 55.2, 0.0, 26279, 1.000, 0, 14.60, 20.534, 36.40
2019-07-25 10:48:34, 1011.2, 8.66, 7.16, 61.6, 6.93, 196.0, 38.0, 55.2, 0.0, 26314, 1.000, 0, 14.67, 20.635, 36.40
2019-07-25 10:48:44, 1011.3, 8.61, 7.22, 62.0, 6.92, 194.9, 38.0, 55.3, 0.0, 26343, 1.000, 0, 14.82, 20.848, 36.40
2019-07-25 10:48:54, 1011.2, 8.56, 7.24, 62.1, 6.93, 193.4, 37.8, 55.1, 0.0, 26428, 1.000, 0, 14.83, 20.859, 36.40
2019-07-25 10:49:04, 1011.3, 8.47, 7.29, 62.5, 6.91, 193.0, 37.8, 55.1, 0.0, 26467, 1.000, 0, 14.90, 20.961, 36.40
2019-07-25 10:49:14, 1011.3, 8.41, 7.32, 62.7, 6.90, 193.1, 37.8, 55.3, 0.0, 26439, 1.000, 0, 14.89, 20.944, 36.40
2019-07-25 10:49:24, 1011.2, 8.37, 7.33, 62.5, 6.93, 189.8, 37.7, 55.4, 0.0, 26495, 1.000, 0, 14.82, 20.846, 36.30
2019-07-25 10:49:34, 1011.2, 8.51, 7.28, 62.2, 6.92, 189.7, 37.9, 55.4, 0.0, 26386, 1.000, 0, 14.58, 20.500, 36.40
2019-07-25 10:49:44, 1011.3, 8.35, 7.05, 60.4, 6.91, 188.9, 37.9, 55.5, 0.0, 26352, 1.000, 0, 14.89, 20.939, 36.40
2019-07-25 10:49:54, 1011.2, 8.23, 7.04, 59.9, 6.92, 187.9, 37.8, 55.5, 0.0, 26487, 1.000, 0, 15.01, 21.107, 36.40
2019-07-25 10:50:04, 1011.2, 8.18, 6.99, 59.5, 6.93, 186.4, 37.7, 55.5, 0.0, 26554, 1.000, 0, 15.00, 21.099, 36.40
2019-07-25 10:50:14, 1011.3, 8.18, 6.99, 59.4, 6.94, 184.8, 37.7, 55.5, 0.0, 26554, 1.000, 0, 14.94, 21.010, 36.50
2019-07-25 10:50:24, 1011.3, 8.11, 6.99, 59.4, 6.92, 185.5, 37.6, 55.4, 0.0, 26609, 1.000, 0, 15.11, 21.255, 36.50
2019-07-25 10:50:34, 1011.2, 7.99, 7.03, 59.6, 6.93, 184.2, 37.6, 55.5, 0.0, 26600, 1.000, 0, 15.19, 21.371, 36.50
2019-07-25 10:50:44, 1011.2, 7.85, 7.00, 59.1, 6.90, 184.1, 37.4, 55.5, 0.0, 26709, 1.000, 0, 15.45, 21.732, 36.50
2019-07-25 10:50:54, 1011.2, 7.85, 7.07, 59.6, 6.92, 182.3, 37.3, 55.4, 0.0, 26833, 1.000, 0, 15.40, 21.668, 36.50
2019-07-25 10:51:04, 1011.3, 7.80, 7.19, 60.5, 6.91, 182.1, 37.3, 55.5, 0.0, 26837, 1.000, 0, 15.48, 21.773, 36.50
2019-07-25 10:51:14, 1011.3, 7.71, 7.25, 61.0, 6.91, 181.6, 37.2, 55.5, 0.0, 26876, 1.000, 0, 15.64, 22.008, 36.50
2019-07-25 10:51:24, 1011.2, 7.60, 7.34, 61.5, 6.92, 180.4, 37.1, 55.5, 0.0, 26964, 1.000, 0, 15.73, 22.139, 36.40
2019-07-25 10:51:34, 1011.2, 7.51, 7.36, 61.6, 6.91, 181.5, 37.0, 55.5, 0.0, 27041, 1.000, 0, 15.91, 22.392, 36.40
2019-07-25 10:51:44, 1011.2, 7.32, 7.49, 62.5, 6.91, 179.3, 36.8, 55.4, 0.0, 27179, 1.000, 0, 16.06, 22.604, 36.30
2019-07-25 10:51:54, 1011.2, 7.20, 7.55, 62.7, 6.91, 178.7, 36.7, 55.5, 0.0, 27257, 1.000, 0, 16.27, 22.905, 36.30
2019-07-25 10:52:04, 1011.3, 7.11, 7.52, 62.4, 6.91, 177.4, 36.6, 55.5, 0.0, 27320, 1.000, 0, 16.42, 23.121, 36.30
2019-07-25 10:52:14, 1011.3, 7.08, 7.55, 62.4, 6.91, 176.7, 36.5, 55.5, 0.0, 27417, 1.000, 0, 16.54, 23.292, 36.20
2019-07-25 10:52:24, 1011.3, 7.03, 7.60, 62.7, 6.90, 176.6, 36.5, 55.6, 0.0, 27427, 1.000, 0, 16.74, 23.569, 36.20
2019-07-25 10:52:34, 1011.3, 6.93, 7.60, 62.7, 6.90, 175.6, 36.4, 55.6, 0.0, 27471, 1.000, 0, 16.87, 23.761, 36.10
2019-07-25 10:52:44, 1011.2, 6.83, 7.62, 62.7, 6.91, 174.6, 36.3, 55.5, 0.0, 27574, 1.000, 0, 16.98, 23.918, 36.10
2019-07-25 10:52:54, 1011.3, 6.78, 7.72, 63.5, 6.90, 174.5, 36.2, 55.5, 0.0, 27628, 1.000, 0, 17.28, 24.338, 36.10
2019-07-25 10:53:03, 1011.2, 6.69, 7.84, 64.3, 6.90, 173.5, 36.1, 55.5, 0.0, 27673, 1.000, 0, 17.46, 24.598, 36.00
2019-07-25 10:53:14, 1011.2, 6.68, 7.88, 64.5, 6.89, 173.9, 36.1, 55.5, 0.0, 27717, 1.000, 0, 17.59, 24.781, 36.00
2019-07-25 10:53:24, 1011.2, 6.62, 7.90, 64.7, 6.87, 173.2, 36.0, 55.5, 0.0, 27746, 1.000, 0, 17.79, 25.070, 36.00
2019-07-25 10:53:34, 1011.2, 6.56, 7.92, 64.7, 6.88, 172.4, 36.0, 55.6, 0.0, 27759, 1.000, 0, 17.97, 25.324, 36.00
2019-07-25 10:53:44, 1011.3, 6.54, 7.88, 64.3, 6.89, 171.5, 36.0, 55.6, 0.0, 27777, 1.000, 0, 18.22, 25.673, 36.00
2019-07-25 10:53:54, 1011.2, 6.49, 7.85, 64.0, 6.88, 171.7, 36.0, 55.6, 0.0, 27807, 1.000, 0, 18.35, 25.859, 35.90
2019-07-25 10:54:04, 1011.2, 6.43, 7.83, 63.7, 6.87, 170.6, 35.9, 55.7, 0.0, 27820, 1.000, 0, 18.55, 26.152, 35.90
2019-07-25 10:54:14, 1011.2, 6.35, 7.79, 63.3, 6.89, 170.3, 35.9, 55.7, 0.0, 27866, 1.000, 0, 18.81, 26.519, 35.90
2019-07-25 10:54:24, 1011.2, 6.34, 7.71, 62.6, 6.89, 169.6, 35.9, 55.7, 0.0, 27869, 1.000, 0, 18.83, 26.547, 35.90
2019-07-25 10:54:34, 1011.2, 6.30, 7.65, 62.1, 6.87, 170.1, 35.8, 55.7, 0.0, 27902, 1.000, 0, 19.06, 26.867, 35.90
2019-07-25 10:54:44, 1011.2, 6.28, 7.61, 61.7, 6.88, 168.3, 35.8, 55.8, 0.0, 27894, 1.000, 0, 19.25, 27.149, 35.90
2019-07-25 10:54:54, 1011.2, 6.25, 7.59, 61.6, 6.87, 167.7, 35.8, 55.8, 0.0, 27932, 1.000, 0, 19.45, 27.420, 35.80
2019-07-25 10:55:04, 1011.2, 6.25, 7.60, 61.5, 6.85, 168.5, 35.8, 55.8, 0.0, 27940, 1.000, 0, 19.69, 27.771, 35.80
2019-07-25 10:55:14, 1011.2, 6.22, 7.58, 61.4, 6.87, 166.9, 35.8, 55.8, 0.0, 27925, 1.000, 0, 19.88, 28.039, 35.80
2019-07-25 10:55:24, 1011.2, 6.20, 7.60, 61.5, 6.85, 166.8, 35.8, 55.8, 0.0, 27971, 1.000, 0, 19.99, 28.201, 35.80
2019-07-25 10:55:34, 1011.2, 6.17, 7.61, 61.6, 6.87, 165.9, 35.8, 55.8, 0.0, 27945, 1.000, 0, 20.15, 28.419, 35.80
2019-07-25 10:55:44, 1011.2, 6.15, 7.61, 61.5, 6.87, 165.4, 35.8, 55.9, 0.0, 27955, 1.000, 0, 20.35, 28.702, 35.80
2019-07-25 10:55:54, 1011.2, 6.15, 7.57, 61.2, 6.87, 164.7, 35.8, 55.9, 0.0, 27953, 1.000, 0, 20.51, 28.934, 35.80
2019-07-25 10:56:11, 1011.2, 6.10, 7.58, 61.2, 6.86, 172.3, 35.6, 55.8, 0.0, 28057, 1.000, 0, 20.88, 29.463, 35.80
2019-07-25 10:56:21, 1011.3, 6.10, 7.63, 61.6, 6.86, 169.7, 35.7, 55.8, 0.0, 28027, 1.000, 0, 21.17, 29.868, 35.90
2019-07-25 10:56:31, 1011.3, 6.08, 7.65, 61.7, 6.86, 168.3, 35.6, 55.8, 0.0, 28071, 1.000, 0, 21.35, 30.134, 35.90
2019-07-25 10:56:41, 1011.2, 6.07, 7.65, 61.7, 6.88, 166.2, 35.7, 55.9, 0.0, 28020, 1.000, 0, 21.27, 30.021, 35.90
2019-07-25 10:56:51, 1011.3, 6.05, 7.63, 61.5, 6.86, 165.7, 35.7, 55.9, 0.0, 28039, 1.000, 0, 21.65, 30.562, 35.90
2019-07-25 10:57:01, 1011.3, 6.05, 7.60, 61.3, 6.86, 164.8, 35.7, 56.0, 0.0, 28009, 1.000, 0, 21.82, 30.798, 35.90
2019-07-25 10:57:11, 1011.3, 6.03, 7.56, 61.0, 6.86, 163.6, 35.6, 55.9, 0.0, 28064, 1.000, 0, 21.96, 30.990, 35.90
2019-07-25 10:57:21, 1011.3, 6.02, 7.59, 61.1, 6.85, 163.2, 35.6, 55.8, 0.0, 28099, 1.000, 0, 21.98, 31.030, 35.90
2019-07-25 10:57:31, 1011.3, 5.96, 7.62, 61.3, 6.86, 163.3, 35.6, 55.9, 0.0, 28077, 1.000, 0, 22.20, 31.341, 35.90
2019-07-25 10:57:41, 1011.2, 5.96, 7.57, 60.9, 6.86, 162.0, 35.6, 55.9, 0.0, 28113, 1.000, 0, 22.20, 31.342, 35.90
2019-07-25 10:57:51, 1011.2, 5.99, 7.54, 60.7, 6.85, 161.5, 35.6, 55.9, 0.0, 28079, 1.000, 0, 22.33, 31.529, 35.90
2019-07-25 10:58:01, 1011.2, 6.00, 7.52, 60.6, 6.86, 161.0, 35.6, 55.9, 0.0, 28073, 1.000, 0, 22.29, 31.464, 35.90
2019-07-25 10:58:11, 1011.3, 5.95, 7.52, 60.5, 6.85, 160.9, 35.6, 55.9, 0.0, 28119, 1.000, 0, 22.51, 31.781, 35.90
2019-07-25 10:58:21, 1011.3, 5.95, 7.48, 60.2, 6.85, 160.2, 35.6, 55.9, 0.0, 28127, 1.000, 0, 22.60, 31.905, 36.00
2019-07-25 10:58:31, 1011.3, 5.95, 7.48, 60.2, 6.83, 160.9, 35.6, 55.9, 0.0, 28108, 1.000, 0, 22.75, 32.114, 36.00
2019-07-25 10:58:41, 1011.3, 5.95, 7.48, 60.1, 6.84, 159.9, 35.6, 56.0, 0.0, 28079, 1.000, 0, 22.92, 32.356, 36.10
2019-07-25 10:58:51, 1011.3, 5.95, 7.47, 60.0, 6.84, 159.9, 35.6, 56.0, 0.0, 28074, 1.000, 0, 23.07, 32.582, 36.10
2019-07-25 10:59:01, 1011.2, 5.95, 7.49, 60.2, 6.83, 159.2, 35.6, 55.9, 0.0, 28095, 1.000, 0, 23.21, 32.780, 36.20
2019-07-25 10:59:11, 1011.3, 5.90, 7.51, 60.3, 6.84, 158.8, 35.5, 55.8, 0.0, 28196, 1.000, 0, 23.39, 33.034, 36.30
2019-07-25 10:59:21, 1011.2, 5.86, 7.53, 60.4, 6.83, 159.1, 35.5, 55.9, 0.0, 28161, 1.000, 0, 23.63, 33.375, 36.30
2019-07-25 10:59:31, 1011.2, 5.85, 7.45, 59.7, 6.81, 158.9, 35.5, 55.9, 0.0, 28181, 1.000, 0, 23.84, 33.666, 36.40
2019-07-25 10:59:41, 1011.2, 5.85, 7.39, 59.3, 6.83, 159.1, 35.5, 56.0, 0.0, 28151, 1.000, 0, 24.11, 34.053, 36.50
2019-07-25 10:59:51, 1011.2, 5.85, 7.30, 58.6, 6.83, 157.7, 35.5, 56.0, 0.0, 28174, 1.000, 0, 24.23, 34.226, 36.60
2019-07-25 11:00:01, 1011.2, 5.84, 7.24, 58.1, 6.82, 157.9, 35.5, 56.0, 0.0, 28167, 1.000, 0, 24.41, 34.488, 36.70
2019-07-25 11:00:11, 1011.3, 5.81, 7.24, 58.0, 6.83, 159.3, 35.5, 55.9, 0.0, 28206, 1.000, 0, 24.36, 34.416, 36.70
2019-07-25 11:00:21, 1011.3, 5.81, 7.23, 57.9, 6.83, 157.8, 35.5, 56.0, 0.0, 28184, 1.000, 0, 24.47, 34.568, 36.80
2019-07-25 11:00:31, 1011.3, 5.81, 7.21, 57.8, 6.84, 156.5, 35.5, 56.0, 0.0, 28186, 1.000, 0, 24.47, 34.563, 36.90
2019-07-25 11:00:41, 1011.2, 5.81, 7.20, 57.7, 6.81, 157.7, 35.5, 56.1, 0.0, 28147, 1.000, 0, 24.59, 34.742, 36.90
2019-07-25 11:00:51, 1011.2, 5.81, 7.16, 57.4, 6.80, 157.2, 35.6, 56.1, 0.0, 28126, 1.000, 0, 24.60, 34.751, 37.00
2019-07-25 11:01:01, 1011.3, 5.81, 7.12, 57.1, 6.80, 156.4, 35.7, 56.3, 0.0, 28048, 1.000, 0, 24.73, 34.931, 37.10
2019-07-25 11:01:11, 1011.3, 5.81, 6.98, 55.9, 6.82, 155.5, 35.7, 56.4, 0.0, 28012, 1.000, 0, 24.69, 34.882, 37.10
2019-07-25 11:01:21, 1011.3, 5.81, 6.88, 55.1, 6.79, 156.7, 35.7, 56.3, 0.0, 28041, 1.000, 0, 24.71, 34.910, 37.20
2019-07-25 11:01:31, 1011.3, 5.80, 6.82, 54.6, 6.79, 156.0, 35.7, 56.3, 0.0, 28036, 1.000, 0, 24.75, 34.972, 37.20
2019-07-25 11:01:41, 1011.2, 5.81, 6.75, 54.1, 6.79, 155.5, 35.7, 56.4, 0.0, 27973, 1.000, 0, 24.80, 35.033, 37.20
2019-07-25 11:01:51, 1011.3, 5.80, 6.70, 53.7, 6.79, 155.0, 35.7, 56.4, 0.0, 28004, 1.000, 0, 24.83, 35.073, 37.20
2019-07-25 11:02:01, 1011.2, 5.80, 6.68, 53.5, 6.77, 155.4, 35.7, 56.4, 0.0, 27985, 1.000, 0, 25.02, 35.353, 37.30
2019-07-25 11:02:11, 1011.2, 5.80, 6.68, 53.5, 6.79, 154.1, 35.7, 56.4, 0.0, 28010, 1.000, 0, 25.02, 35.342, 37.30
2019-07-25 11:02:21, 1011.2, 5.80, 6.67, 53.4, 6.78, 154.5, 35.6, 56.3, 0.0, 28057, 1.000, 0, 25.01, 35.339, 37.30
2019-07-25 11:02:31, 1011.3, 5.80, 6.67, 53.5, 6.80, 153.7, 35.7, 56.3, 0.0, 28028, 1.000, 0, 25.10, 35.460, 37.30
2019-07-25 11:02:41, 1011.2, 5.80, 6.67, 53.4, 6.81, 152.9, 35.7, 56.3, 0.0, 28038, 1.000, 0, 25.06, 35.402, 37.30
2019-07-25 11:02:51, 1011.3, 5.80, 6.68, 53.5, 6.81, 152.5, 35.7, 56.3, 0.0, 28040, 1.000, 0, 25.04, 35.384, 37.30
2019-07-25 11:03:01, 1011.3, 5.79, 6.68, 53.5, 6.78, 153.1, 35.7, 56.3, 0.0, 28036, 1.000, 0, 25.22, 35.637, 37.30
2019-07-25 11:03:11, 1011.3, 5.78, 6.68, 53.5, 6.80, 152.4, 35.7, 56.3, 0.0, 28038, 1.000, 0, 25.19, 35.589, 37.30
2019-07-25 11:03:21, 1011.3, 5.76, 6.65, 53.2, 6.79, 152.6, 35.7, 56.4, 0.0, 28008, 1.000, 0, 25.42, 35.921, 37.30
2019-07-25 11:03:31, 1011.3, 5.76, 6.59, 52.7, 6.80, 151.8, 35.8, 56.5, 0.0, 27968, 1.000, 0, 25.44, 35.945, 37.40
2019-07-25 11:03:41, 1011.3, 5.76, 6.55, 52.4, 6.80, 151.7, 35.8, 56.5, 0.0, 27961, 1.000, 0, 25.40, 35.888, 37.40
2019-07-25 11:03:51, 1011.2, 5.75, 6.51, 52.1, 6.78, 152.1, 35.8, 56.6, 0.0, 27960, 1.000, 0, 25.57, 36.126, 37.40
2019-07-25 11:04:01, 1011.2, 5.75, 6.45, 51.6, 6.79, 151.7, 35.7, 56.4, 0.0, 28013, 1.000, 0, 25.50, 36.037, 37.40
2019-07-25 11:04:11, 1011.2, 5.76, 6.43, 51.5, 6.79, 151.1, 35.7, 56.5, 0.0, 27990, 1.000, 0, 25.41, 35.910, 37.50
2019-07-25 11:04:21, 1011.2, 5.76, 6.44, 51.5, 6.78, 151.3, 35.7, 56.5, 0.0, 27992, 1.000, 0, 25.51, 36.042, 37.50
2019-07-25 11:04:31, 1011.3, 5.75, 6.43, 51.5, 6.77, 151.5, 35.8, 56.5, 0.0, 27967, 1.000, 0, 25.52, 36.065, 37.60
2019-07-25 11:04:41, 1011.3, 5.75, 6.42, 51.3, 6.77, 151.3, 35.8, 56.6, 0.0, 27963, 1.000, 0, 25.63, 36.213, 37.60
2019-07-25 11:05:01, 1011.3, 5.75, 6.24, 49.9, 6.75, 151.0, 35.9, 56.8, 0.0, 27842, 1.000, 0, 26.10, 36.892, 37.60
2019-07-25 11:05:11, 1011.3, 5.73, 5.94, 47.5, 6.75, 150.5, 36.1, 57.2, 0.0, 27664, 1.000, 0, 26.28, 37.137, 37.60
2019-07-25 11:05:21, 1011.3, 5.72, 5.66, 45.3, 6.74, 150.0, 36.3, 57.4, 0.0, 27556, 1.000, 0, 26.35, 37.238, 37.60
2019-07-25 11:05:31, 1011.3, 5.71, 5.45, 43.5, 6.75, 148.6, 36.3, 57.5, 0.0, 27524, 1.000, 0, 26.45, 37.385, 37.60
2019-07-25 11:05:41, 1011.3, 5.70, 5.26, 42.1, 6.73, 148.9, 36.5, 57.8, 0.0, 27420, 1.000, 0, 26.66, 37.681, 37.60
2019-07-25 11:05:51, 1011.3, 5.70, 5.03, 40.2, 6.71, 148.8, 36.6, 57.9, 0.0, 27350, 1.000, 0, 26.67, 37.697, 37.50
2019-07-25 11:06:01, 1011.3, 5.69, 4.81, 38.5, 6.75, 146.3, 36.6, 58.0, 0.0, 27286, 1.000, 0, 26.87, 37.978, 37.50
2019-07-25 11:06:11, 1011.3, 5.68, 4.63, 37.0, 6.73, 146.7, 36.8, 58.4, 0.0, 27148, 1.000, 0, 27.07, 38.270, 37.40
2019-07-25 11:06:21, 1011.3, 5.67, 4.34, 34.7, 6.75, 144.2, 36.9, 58.5, 0.0, 27087, 1.000, 0, 27.03, 38.214, 37.40
2019-07-25 11:06:31, 1011.3, 5.67, 4.21, 33.6, 6.75, 143.5, 36.9, 58.6, 0.0, 27075, 1.000, 0, 27.02, 38.195, 37.30
2019-07-25 11:06:41, 1011.3, 5.67, 4.03, 32.2, 6.74, 143.1, 37.0, 58.6, 0.0, 27060, 1.000, 0, 27.15, 38.381, 37.30
2019-07-25 11:06:51, 1011.3, 5.66, 3.89, 31.0, 6.74, 142.5, 37.0, 58.7, 0.0, 27038, 1.000, 0, 27.14, 38.363, 37.20
2019-07-25 11:07:01, 1011.3, 5.66, 3.79, 30.3, 6.74, 141.5, 37.0, 58.7, 0.0, 27039, 1.000, 0, 27.17, 38.401, 37.20
2019-07-25 11:07:10, 1011.2, 5.66, 3.66, 29.2, 6.72, 141.6, 37.1, 58.9, 0.0, 26924, 1.000, 0, 27.33, 38.639, 37.10
2019-07-25 11:07:21, 1011.3, 5.66, 3.46, 27.6, 6.72, 141.0, 37.2, 59.0, 0.0, 26894, 1.000, 0, 27.33, 38.633, 37.10
2019-07-25 11:07:31, 1011.3, 5.66, 3.35, 26.7, 6.72, 140.2, 37.1, 58.9, 0.0, 26935, 1.000, 0, 27.37, 38.688, 37.00
2019-07-25 11:07:41, 1011.2, 5.65, 3.27, 26.1, 6.72, 139.7, 37.2, 59.0, 0.0, 26872, 1.000, 0, 27.44, 38.797, 37.00
2019-07-25 11:07:51, 1011.2, 5.65, 3.19, 25.4, 6.69, 139.8, 37.4, 59.3, 0.0, 26749, 1.000, 0, 27.60, 39.019, 36.90
2019-07-25 11:08:01, 1011.2, 5.64, 2.97, 23.7, 6.70, 138.0, 37.7, 59.8, 0.0, 26526, 1.000, 0, 27.77, 39.265, 36.90
2019-07-25 11:08:11, 1011.2, 5.64, 2.66, 21.2, 6.71, 136.2, 37.8, 60.0, 0.0, 26434, 1.000, 0, 27.75, 39.238, 36.90
2019-07-25 11:08:21, 1011.2, 5.64, 2.52, 20.1, 6.71, 134.7, 37.9, 60.1, 0.0, 26412, 1.000, 0, 27.71, 39.170, 36.90
2019-07-25 11:08:31, 1011.2, 5.61, 2.37, 18.9, 6.68, 134.9, 38.0, 60.4, 0.0, 26286, 1.000, 0, 27.82, 39.325, 36.90
2019-07-25 11:08:41, 1011.2, 5.61, 2.12, 16.9, 6.69, 133.1, 38.2, 60.7, 0.0, 26157, 1.000, 0, 27.90, 39.450, 36.90
2019-07-25 11:08:51, 1011.2, 5.60, 1.87, 14.9, 6.69, 131.6, 38.3, 60.8, 0.0, 26120, 1.000, 0, 27.88, 39.414, 36.90
2019-07-25 11:09:01, 1011.1, 5.61, 1.72, 13.7, 6.69, 130.3, 38.2, 60.7, 0.0, 26145, 1.000, 0, 27.90, 39.439, 36.90
2019-07-25 11:09:10, 1011.1, 5.61, 1.63, 13.0, 6.68, 129.3, 38.4, 61.1, 0.0, 26015, 1.000, 0, 27.95, 39.521, 36.90
2019-07-25 11:09:21, 1011.2, 5.60, 1.47, 11.7, 6.67, 128.0, 38.5, 61.2, 0.0, 25967, 1.000, 0, 27.99, 39.577, 37.00
2019-07-25 11:09:31, 1011.2, 5.58, 1.33, 10.6, 6.65, 127.3, 38.6, 61.4, 0.0, 25878, 1.000, 0, 28.16, 39.811, 37.00
2019-07-25 11:09:41, 1011.2, 5.56, 0.95, 7.6, 6.63, 120.7, 41.1, 65.4, 0.0, 24324, 1.000, 0, 28.22, 39.895, 37.10
2019-07-25 11:09:51, 1011.2, 5.56, 0.60, 4.8, 6.60, 105.9, 44.5, 70.8, 0.0, 22455, 1.000, 0, 28.22, 39.897, 37.20
2019-07-25 11:10:01, 1011.2, 5.56, 0.39, 3.1, 6.55, 84.0, 51.5, 81.9, 0.0, 19424, 1.000, 0, 28.25, 39.949, 37.30
2019-07-25 11:10:11, 1011.2, 5.56, 0.28, 2.2, 6.51, 65.1, 57.9, 92.1, 0.0, 17269, 1.000, 0, 28.26, 39.958, 37.30
2019-07-25 11:10:21, 1011.2, 5.56, 0.22, 1.8, 6.48, 48.8, 65.5, 104.1, 0.0, 15277, 1.000, 0, 28.30, 40.020, 37.50
2019-07-25 11:10:38, 1011.2, 5.56, 0.15, 1.2, 6.30, 7.1, 97.5, 155.1, 0.1, 10259, 1.000, 0, 28.31, 40.029, 37.70
2019-07-25 11:10:48, 1011.1, 5.56, 0.09, 0.7, 6.34, -12.9, 118.1, 187.8, 0.1, 8469, 1.000, 0, 28.42, 40.190, 37.80
2019-07-25 11:10:58, 1011.2, 5.56, 0.07, 0.5, 6.34, -33.8, 119.4, 189.9, 0.1, 8375, 1.000, 0, 28.37, 40.109, 37.90
2019-07-25 11:11:08, 1011.2, 5.56, 0.05, 0.4, 6.37, -48.9, 106.0, 168.7, 0.1, 9431, 1.000, 0, 28.34, 40.065, 38.10
2019-07-25 11:11:18, 1011.1, 5.56, 0.03, 0.3, 6.39, -56.2, 114.5, 182.2, 0.1, 8733, 1.000, 0, 28.46, 40.240, 38.20
2019-07-25 11:11:28, 1011.2, 5.56, 0.02, 0.2, 6.40, -72.6, 116.2, 184.8, 0.1, 8607, 1.000, 0, 28.42, 40.189, 38.30
2019-07-25 11:11:38, 1011.2, 5.56, 0.01, 0.1, 6.41, -89.3, 108.7, 172.9, 0.1, 9200, 1.000, 0, 28.49, 40.284, 38.40
2019-07-25 11:11:48, 1011.3, 5.56, -0.02, -0.1, 6.43, -96.5, 125.2, 199.1, 0.1, 7989, 1.000, 0, 28.46, 40.247, 38.50
2019-07-25 11:11:57, 1011.3, 5.56, -0.02, -0.2, 6.43, -100.9, 125.1, 199.0, 0.1, 7993, 1.000, 0, 28.44, 40.218, 38.60
2019-07-25 11:12:08, 1011.4, 5.55, -0.02, -0.2, 6.44, -112.4, 116.7, 185.7, 0.1, 8568, 1.000, 0, 28.42, 40.184, 38.70
2019-07-25 11:12:18, 1011.3, 5.55, -0.02, -0.2, 6.46, -117.0, 106.6, 169.6, 0.1, 9379, 1.000, 0, 28.39, 40.137, 38.70
2019-07-25 11:12:28, 1011.3, 5.55, -0.02, -0.2, 6.47, -117.3, 101.6, 161.7, 0.1, 9840, 1.000, 0, 28.38, 40.122, 38.80
2019-07-25 11:12:38, 1011.1, 5.55, -0.02, -0.2, 6.52, -120.5, 107.3, 170.8, 0.1, 9317, 1.000, 0, 28.36, 40.096, 38.80
2019-07-25 11:12:48, 1011.2, 5.55, -0.02, -0.2, 6.53, -118.0, 108.0, 171.9, 0.1, 9256, 1.000, 0, 28.35, 40.091, 38.90
2019-07-25 11:12:58, 1011.1, 5.55, -0.02, -0.1, 6.50, -116.2, 105.1, 167.2, 0.1, 9516, 1.000, 0, 28.33, 40.053, 39.00
2019-07-25 11:13:08, 1011.1, 5.55, -0.01, -0.1, 6.50, -117.5, 104.6, 166.5, 0.1, 9559, 1.000, 0, 28.34, 40.071, 39.00
2019-07-25 11:13:25, 1011.2, 5.55, -0.01, -0.1, 6.54, -120.0, 97.7, 155.5, 0.1, 10231, 1.000, 0, 28.34, 40.078, 39.20
2019-07-25 11:13:35, 1011.1, 5.55, -0.01, -0.1, 6.54, -119.9, 84.6, 134.5, 0.1, 11823, 1.000, 0, 28.33, 40.063, 39.30
2019-07-25 11:13:45, 1011.1, 5.56, -0.01, -0.1, 6.68, -123.9, 105.6, 168.0, 0.1, 9469, 1.000, 0, 27.78, 39.272, 39.30
2019-07-25 11:13:55, 1011.3, 5.62, 0.48, 3.8, 6.75, -108.3, 39.2, 62.2, 0.0, 25522, 1.000, 0, 27.20, 38.452, 39.50
2019-07-25 11:14:05, 1011.2, 5.66, 2.00, 15.9, 6.83, -91.7, 36.9, 58.6, 0.0, 27067, 1.000, 0, 26.77, 37.843, 39.50
2019-07-25 11:14:15, 1011.2, 5.75, 3.47, 27.7, 6.91, -78.3, 35.9, 57.0, 0.0, 27817, 1.000, 0, 24.33, 34.371, 39.60
2019-07-25 11:14:25, 1011.2, 5.76, 5.67, 45.4, 6.90, -60.8, 35.6, 56.3, 0.0, 28062, 1.000, 0, 24.90, 35.184, 39.70
2019-07-25 11:14:35, 1011.2, 5.76, 6.15, 49.2, 6.91, -45.2, 35.7, 56.4, 0.0, 28012, 1.000, 0, 24.93, 35.224, 39.70
2019-07-25 11:14:45, 1011.2, 5.76, 6.31, 50.5, 6.91, -32.1, 35.7, 56.5, 0.0, 27991, 1.000, 0, 25.03, 35.370, 39.80
2019-07-25 11:14:55, 1011.2, 5.75, 6.41, 51.3, 6.92, -23.5, 35.7, 56.5, 0.0, 27985, 1.000, 0, 25.15, 35.529, 39.80
2019-07-25 11:15:05, 1011.2, 5.75, 6.45, 51.6, 6.91, -12.6, 35.8, 56.6, 0.0, 27961, 1.000, 0, 25.25, 35.681, 39.80
2019-07-25 11:15:15, 1011.3, 5.76, 6.42, 51.3, 6.92, -4.1, 35.8, 56.6, 0.0, 27946, 1.000, 0, 25.33, 35.788, 39.80
2019-07-25 11:15:25, 1011.2, 5.75, 6.40, 51.2, 6.93, 3.0, 35.8, 56.7, 0.0, 27912, 1.000, 0, 25.34, 35.801, 39.80
2019-07-25 11:15:35, 1011.3, 5.75, 6.37, 51.0, 6.93, 7.7, 35.8, 56.6, 0.0, 27929, 1.000, 0, 25.29, 35.735, 39.80
2019-07-25 11:15:45, 1011.3, 5.75, 6.36, 50.8, 6.93, 12.7, 35.8, 56.7, 0.0, 27910, 1.000, 0, 25.20, 35.606, 39.80
2019-07-25 11:15:55, 1011.2, 5.76, 6.36, 50.9, 6.92, 17.6, 35.8, 56.6, 0.0, 27937, 1.000, 0, 25.12, 35.494, 39.80
2019-07-25 11:16:05, 1011.3, 5.76, 6.39, 51.1, 6.92, 22.0, 35.8, 56.6, 0.0, 27959, 1.000, 0, 25.10, 35.458, 39.70
2019-07-25 11:16:15, 1011.2, 5.88, 6.46, 51.7, 6.90, 28.1, 35.5, 56.1, 0.0, 28161, 1.000, 0, 22.74, 32.110, 39.70
2019-07-25 11:16:25, 1011.2, 6.00, 7.07, 56.8, 6.93, 33.1, 35.6, 56.1, 0.0, 28070, 1.000, 0, 21.43, 30.243, 39.70
2019-07-25 11:16:35, 1011.2, 6.05, 7.38, 59.5, 6.92, 39.2, 35.7, 56.0, 0.0, 28031, 1.000, 0, 20.68, 29.170, 39.60
2019-07-25 11:16:45, 1011.2, 6.10, 7.48, 60.3, 6.92, 43.3, 35.8, 56.1, 0.0, 27940, 1.000, 0, 20.13, 28.398, 39.60
2019-07-25 11:16:55, 1011.2, 6.10, 7.51, 60.6, 6.93, 46.5, 35.8, 56.0, 0.0, 27930, 1.000, 0, 20.12, 28.385, 39.60
2019-07-25 11:17:05, 1011.2, 6.11, 7.51, 60.7, 6.93, 49.6, 35.8, 56.0, 0.0, 27926, 1.000, 0, 20.13, 28.390, 39.60
2019-07-25 11:17:15, 1011.2, 6.12, 7.51, 60.7, 6.92, 52.8, 35.8, 56.0, 0.0, 27921, 1.000, 0, 20.15, 28.429, 39.60
2019-07-25 11:17:25, 1011.3, 6.13, 7.51, 60.7, 6.91, 56.2, 35.8, 56.0, 0.0, 27936, 1.000, 0, 20.22, 28.526, 39.60
2019-07-25 11:17:35, 1011.2, 6.14, 7.51, 60.7, 6.91, 58.6, 35.8, 56.0, 0.0, 27904, 1.000, 0, 20.26, 28.584, 39.60
2019-07-25 11:17:45, 1011.2, 6.13, 7.53, 60.8, 6.90, 61.4, 35.8, 55.9, 0.0, 27957, 1.000, 0, 20.26, 28.574, 39.60
2019-07-25 11:17:55, 1011.2, 6.14, 7.53, 60.8, 6.90, 62.8, 35.8, 56.0, 0.0, 27926, 1.000, 0, 20.23, 28.535, 39.60
2019-07-25 11:18:05, 1011.1, 6.15, 7.52, 60.8, 6.89, 65.2, 35.8, 56.0, 0.0, 27933, 1.000, 0, 20.25, 28.563, 39.60
2019-07-25 11:18:15, 1011.2, 6.15, 7.51, 60.7, 6.89, 67.6, 35.8, 55.9, 0.0, 27938, 1.000, 0, 20.27, 28.596, 39.60
2019-07-25 11:18:25, 1011.2, 6.15, 7.52, 60.8, 6.89, 68.7, 35.8, 55.9, 0.0, 27959, 1.000, 0, 20.21, 28.513, 39.60
2019-07-25 11:18:35, 1011.3, 6.69, 7.60, 61.5, 6.90, 70.7, 35.9, 56.1, 0.0, 27821, 1.000, 0, 16.29, 22.928, 39.70
2019-07-25 11:18:45, 1011.2, 7.75, 7.65, 63.9, 6.87, 73.6, 37.5, 56.4, 0.0, 26677, 1.000, 0, 14.65, 20.602, 39.70
2019-07-25 11:18:55, 1011.3, 7.70, 7.48, 63.0, 6.84, 76.8, 37.5, 55.9, 0.0, 26645, 1.000, 0, 14.89, 20.948, 39.70
2019-07-25 11:19:05, 1011.2, 7.70, 7.45, 62.6, 6.86, 78.0, 37.5, 56.0, 0.0, 26685, 1.000, 0, 14.91, 20.970, 39.80
2019-07-25 11:19:15, 1011.2, 7.75, 7.43, 62.4, 6.87, 79.4, 37.5, 55.9, 0.0, 26679, 1.000, 0, 14.93, 21.000, 39.80
2019-07-25 11:19:25, 1011.2, 7.80, 7.36, 61.9, 6.88, 81.3, 37.5, 55.9, 0.0, 26652, 1.000, 0, 14.92, 20.984, 39.80
2019-07-25 11:19:35, 1011.2, 7.83, 7.26, 61.1, 6.88, 83.6, 37.5, 55.8, 0.0, 26666, 1.000, 0, 14.92, 20.989, 39.90
2019-07-25 11:19:45, 1011.3, 7.86, 7.17, 60.4, 6.87, 85.9, 37.6, 55.9, 0.0, 26625, 1.000, 0, 14.91, 20.974, 39.90
2019-07-25 11:19:55, 1011.2, 7.89, 7.08, 59.8, 6.86, 88.4, 37.6, 55.8, 0.0, 26628, 1.000, 0, 14.93, 21.002, 40.00
2019-07-25 11:20:05, 1011.2, 7.90, 7.00, 59.1, 6.86, 90.2, 37.6, 55.9, 0.0, 26576, 1.000, 0, 14.93, 20.997, 40.00
2019-07-25 11:20:15, 1011.2, 7.92, 6.96, 58.8, 6.85, 92.1, 37.6, 55.9, 0.0, 26574, 1.000, 0, 14.94, 21.014, 40.10
2019-07-25 11:20:25, 1011.2, 7.91, 6.93, 58.5, 6.86, 93.3, 37.7, 55.9, 0.0, 26541, 1.000, 0, 14.96, 21.038, 40.20
2019-07-25 11:20:35, 1011.2, 11.12, 7.30, 62.5, 6.78, 94.5, 39.5, 57.7, 0.0, 25308, 1.000, 0, 10.46, 14.642, 40.30
2019-07-25 11:20:45, 1011.2, 11.57, 5.57, 51.2, 6.74, 96.6, 42.2, 56.9, 0.0, 23707, 1.000, 0, 10.32, 14.444, 40.30
2019-07-25 11:20:55, 1011.2, 11.57, 5.13, 47.1, 6.73, 96.2, 42.2, 56.9, 0.0, 23691, 1.000, 0, 10.41, 14.573, 40.50
2019-07-25 11:21:05, 1011.2, 11.57, 4.92, 45.3, 6.74, 95.0, 42.2, 56.8, 0.0, 23673, 1.000, 0, 10.46, 14.645, 40.50
2019-07-25 11:21:25, 1011.2, 11.76, 4.70, 43.5, 6.76, 94.4, 42.3, 56.7, 0.0, 23634, 1.000, 0, 10.50, 14.692, 40.70
2019-07-25 11:21:35, 1011.2, 11.85, 4.63, 42.8, 6.76, 94.4, 42.3, 56.6, 0.0, 23642, 1.000, 0, 10.53, 14.744, 40.90
2019-07-25 11:21:45, 1011.2, 11.89, 4.57, 42.4, 6.78, 94.6, 42.3, 56.5, 0.0, 23641, 1.000, 0, 10.54, 14.754, 41.00
2019-07-25 11:21:55, 1011.2, 11.94, 4.53, 42.0, 6.79, 94.5, 42.3, 56.4, 0.0, 23625, 1.000, 0, 10.56, 14.787, 41.10
2019-07-25 11:22:05, 1011.2, 11.97, 4.50, 41.8, 6.78, 95.8, 42.3, 56.4, 0.0, 23624, 1.000, 0, 10.59, 14.821, 41.20
2019-07-25 11:22:15, 1011.2, 12.03, 4.47, 41.6, 6.77, 96.5, 42.3, 56.2, 0.0, 23636, 1.000, 0, 10.57, 14.803, 41.30
2019-07-25 11:22:25, 1011.2, 12.69, 4.47, 41.6, 6.73, 97.0, 42.4, 56.3, 0.0, 23607, 1.000, 0, 8.71, 12.157, 41.50
2019-07-25 11:22:35, 1011.2, 16.92, 4.93, 48.4, 6.69, 98.2, 47.6, 59.7, 0.0, 21005, 0.999, 0, 5.45, 7.508, 41.60
2019-07-25 11:22:45, 1011.2, 18.63, 5.02, 52.2, 6.61, 101.5, 48.8, 57.4, 0.0, 20504, 0.999, 0, 4.41, 6.039, 41.70
2019-07-25 11:22:55, 1011.2, 18.52, 5.65, 60.8, 6.62, 101.8, 50.5, 57.3, 0.0, 19807, 0.998, 0, 5.26, 7.244, 41.80
2019-07-25 11:23:05, 1011.2, 18.52, 5.86, 62.7, 6.66, 100.5, 50.1, 57.2, 0.0, 19945, 0.999, 0, 5.35, 7.366, 41.90
2019-07-25 11:23:15, 1011.2, 19.44, 5.99, 64.9, 6.67, 99.9, 50.9, 57.3, 0.0, 19665, 0.998, 0, 4.81, 6.603, 42.10
2019-07-25 11:23:25, 1011.2, 19.41, 6.07, 66.3, 6.67, 100.3, 51.0, 57.0, 0.0, 19592, 0.998, 0, 4.98, 6.840, 42.20
2019-07-25 11:23:35, 1011.1, 19.50, 6.18, 67.3, 6.69, 100.2, 51.0, 57.1, 0.0, 19592, 0.998, 0, 5.05, 6.939, 42.30
2019-07-25 11:23:45, 1011.1, 19.73, 6.20, 67.8, 6.66, 102.7, 51.1, 57.0, 0.0, 19566, 0.998, 0, 4.85, 6.664, 42.40
2019-07-25 11:23:55, 1011.2, 19.80, 6.21, 68.1, 6.68, 102.4, 51.1, 56.8, 0.0, 19582, 0.998, 0, 4.75, 6.525, 42.60
2019-07-25 11:24:05, 1011.2, 19.87, 6.19, 68.0, 6.65, 103.4, 51.1, 56.6, 0.0, 19575, 0.998, 0, 4.62, 6.336, 42.70
2019-07-25 11:24:15, 1011.1, 19.95, 6.19, 68.1, 6.65, 105.4, 51.1, 56.6, 0.0, 19572, 0.998, 0, 4.53, 6.206, 42.80
2019-07-25 11:24:25, 1011.2, 20.03, 6.17, 68.0, 6.64, 106.8, 51.1, 56.5, 0.0, 19573, 0.998, 0, 4.39, 6.006, 42.90
2019-07-25 11:24:45, 1011.2, 23.87, 7.18, 83.0, 6.64, 103.7, 56.6, 59.5, 0.0, 17667, 0.998, 0, 1.98, 2.573, 43.20
2019-07-25 11:24:55, 1011.2, 24.14, 7.88, 94.1, 6.66, 102.1, 57.2, 58.1, 0.0, 17490, 0.997, 0, 1.51, 1.915, 43.30
2019-07-25 11:25:05, 1011.2, 24.40, 8.22, 98.6, 6.68, 99.3, 57.5, 58.1, 0.0, 17396, 0.997, 0, 0.75, 0.824, 43.30
2019-07-25 11:25:15, 1011.2, 24.47, 8.29, 99.7, 6.68, 98.8, 57.5, 58.0, 0.0, 17397, 0.997, 0, 1.10, 1.324, 43.40
2019-07-25 11:25:25, 1011.1, 24.48, 8.35, 100.2, 6.70, 97.4, 57.3, 57.9, 0.0, 17450, 0.997, 0, 1.22, 1.496, 43.50
2019-07-25 11:25:35, 1011.1, 24.51, 8.33, 100.1, 6.71, 96.8, 57.3, 57.9, 0.0, 17447, 0.997, 0, 1.28, 1.577, 43.50
2019-07-25 11:25:45, 1011.2, 24.63, 8.35, 100.4, 6.71, 96.8, 57.3, 57.8, 0.0, 17441, 0.997, 0, 1.27, 1.574, 43.60
2019-07-25 11:25:55, 1011.2, 24.69, 8.32, 100.3, 6.72, 96.1, 57.5, 57.9, 0.0, 17398, 0.997, 0, 1.34, 1.673, 43.70
2019-07-25 11:26:05, 1011.2, 24.79, 8.32, 100.3, 6.72, 96.0, 57.5, 57.8, 0.0, 17394, 0.997, 0, 1.32, 1.635, 43.70
2019-07-25 11:26:14, 1011.1, 24.84, 8.31, 100.4, 6.73, 95.4, 57.5, 57.7, 0.0, 17397, 0.997, 0, 1.31, 1.631, 43.80
2019-07-25 11:26:25, 1011.2, 24.92, 8.31, 100.6, 6.73, 95.2, 57.5, 57.6, 0.0, 17397, 0.997, 0, 1.29, 1.593, 43.80
2019-07-25 11:26:35, 1011.1, 24.97, 8.30, 100.7, 6.73, 95.2, 57.5, 57.6, 0.0, 17380, 0.997, 0, 1.31, 1.628, 43.90
2019-07-25 11:26:45, 1011.1, 25.01, 8.28, 100.4, 6.75, 95.3, 57.5, 57.5, 0.0, 17382, 0.997, 0, 1.38, 1.728, 43.90
2019-07-25 11:26:55, 1011.1, 25.06, 8.26, 100.3, 6.74, 95.7, 57.5, 57.4, 0.0, 17393, 0.997, 0, 1.38, 1.719, 44.00

