Log:,MESSDEP1- 1 of 1
Report Created:, 2019-07-26 14:18:34
Site:, MESSDEP1
GPS:, , 
Log Created:, 2019-07-26 11:43:16
Number Readings:, 330
Battery Type:, SmarTROLL™ Battery Pack
Battery SN:, 409706
Device Type:, SmarTROLL™ MP
Device SN:, 424194
Created, Baro (mbar), Temp (C), RDO (mg/L), RDO Sat (%), pH (pH), ORP (mV), Act Cond (µS/cm), Sp Cond (µS/cm), Salinity (psu), Resist (Ohm-cm), Density (g/cm^3), TDS (ppt), Depth (m), Pressure (psi), Air Temp (C)
2019-07-26 11:43:16, 1016.2, 27.26, 7.48, 97.5, 7.13, 249.9, 0.0, 0.0, 0.0, 10000000, 0.996, 0, 0.32, 0.218, 32.70
2019-07-26 11:43:24, 1016.1, 27.15, 8.26, 103.8, 7.17, 277.5, 65.9, 63.2, 0.0, 15182, 0.996, 0, 0.34, 0.248, 32.80
2019-07-26 11:43:34, 1016.1, 27.04, 8.30, 104.0, 7.13, 301.4, 65.7, 63.2, 0.0, 15224, 0.997, 0, 0.47, 0.434, 32.80
2019-07-26 11:43:51, 1016.2, 26.89, 8.27, 103.5, 7.12, 338.9, 65.6, 63.1, 0.0, 15242, 0.997, 0, 0.72, 0.788, 33.00
2019-07-26 11:44:01, 1016.1, 26.79, 8.28, 103.4, 7.13, 345.4, 65.4, 63.1, 0.0, 15302, 0.997, 0, 0.81, 0.921, 33.10
2019-07-26 11:44:11, 1016.1, 26.70, 8.31, 103.5, 7.14, 353.9, 65.3, 63.2, 0.0, 15316, 0.997, 0, 0.84, 0.950, 33.20
2019-07-26 11:44:21, 1016.1, 26.65, 8.30, 103.4, 7.11, 360.3, 65.3, 63.2, 0.0, 15315, 0.997, 0, 0.85, 0.967, 33.30
2019-07-26 11:44:31, 1016.1, 26.47, 8.30, 102.9, 7.14, 365.2, 65.0, 63.2, 0.0, 15394, 0.997, 0, 0.93, 1.092, 33.40
2019-07-26 11:44:41, 1016.1, 26.24, 8.33, 102.9, 7.14, 371.4, 64.7, 63.2, 0.0, 15460, 0.997, 0, 1.07, 1.281, 33.60
2019-07-26 11:44:51, 1016.1, 26.08, 8.35, 103.0, 7.15, 374.7, 64.7, 63.3, 0.0, 15448, 0.997, 0, 1.15, 1.400, 33.70
2019-07-26 11:45:01, 1016.1, 25.99, 8.35, 102.8, 7.11, 379.6, 64.6, 63.3, 0.0, 15482, 0.997, 0, 1.22, 1.495, 33.90
2019-07-26 11:45:11, 1016.1, 25.82, 8.35, 102.5, 7.11, 384.0, 64.3, 63.2, 0.0, 15553, 0.997, 0, 1.37, 1.709, 34.10
2019-07-26 11:45:21, 1016.1, 25.69, 8.37, 102.4, 7.11, 385.8, 64.1, 63.2, 0.0, 15609, 0.997, 0, 1.50, 1.897, 34.30
2019-07-26 11:45:31, 1016.1, 25.61, 8.39, 102.5, 7.15, 386.4, 64.0, 63.3, 0.0, 15618, 0.997, 0, 1.60, 2.032, 34.40
2019-07-26 11:45:41, 1016.1, 25.60, 8.38, 102.3, 7.16, 388.1, 64.0, 63.3, 0.0, 15624, 0.997, 0, 1.64, 2.101, 34.60
2019-07-26 11:45:51, 1016.1, 25.55, 8.37, 102.2, 7.13, 390.6, 64.0, 63.2, 0.0, 15633, 0.997, 0, 1.71, 2.196, 34.80
2019-07-26 11:46:01, 1016.1, 25.51, 8.38, 102.2, 7.11, 393.0, 63.9, 63.3, 0.0, 15640, 0.997, 0, 1.79, 2.312, 35.00
2019-07-26 11:46:11, 1016.1, 25.42, 8.39, 102.1, 7.09, 396.5, 63.9, 63.3, 0.0, 15658, 0.997, 0, 1.98, 2.579, 35.20
2019-07-26 11:46:21, 1016.1, 25.41, 8.38, 101.9, 7.11, 395.1, 63.8, 63.3, 0.0, 15674, 0.997, 0, 2.06, 2.690, 35.40
2019-07-26 11:46:31, 1016.1, 25.39, 8.37, 101.8, 7.17, 395.5, 63.8, 63.3, 0.0, 15668, 0.997, 0, 2.14, 2.801, 35.60
2019-07-26 11:46:41, 1016.2, 25.37, 8.38, 101.8, 7.16, 396.2, 63.8, 63.4, 0.0, 15673, 0.997, 0, 2.22, 2.922, 35.80
2019-07-26 11:46:51, 1016.1, 25.35, 8.36, 101.5, 7.16, 396.3, 63.8, 63.3, 0.0, 15679, 0.997, 0, 2.23, 2.936, 36.00
2019-07-26 11:47:01, 1016.1, 25.33, 8.37, 101.6, 7.17, 397.5, 63.7, 63.3, 0.0, 15693, 0.997, 0, 2.37, 3.130, 36.20
2019-07-26 11:47:11, 1016.1, 25.30, 8.36, 101.5, 7.15, 398.2, 63.8, 63.4, 0.0, 15679, 0.997, 0, 2.40, 3.177, 36.50
2019-07-26 11:47:21, 1016.2, 25.28, 8.35, 101.4, 7.14, 399.3, 63.7, 63.4, 0.0, 15696, 0.997, 0, 2.57, 3.422, 36.70
2019-07-26 11:47:31, 1016.2, 25.26, 8.33, 101.0, 7.16, 398.9, 63.7, 63.4, 0.0, 15704, 0.997, 0, 2.68, 3.579, 36.90
2019-07-26 11:47:41, 1016.1, 25.24, 8.32, 100.9, 7.18, 397.8, 63.7, 63.4, 0.0, 15703, 0.997, 0, 2.78, 3.710, 37.10
2019-07-26 11:47:51, 1016.2, 25.20, 8.32, 100.9, 7.17, 399.9, 63.7, 63.4, 0.0, 15703, 0.997, 0, 2.94, 3.943, 37.30
2019-07-26 11:48:01, 1016.2, 25.19, 8.28, 100.3, 7.16, 398.4, 63.6, 63.4, 0.0, 15722, 0.997, 0, 3.06, 4.121, 37.50
2019-07-26 11:48:11, 1016.2, 25.19, 8.27, 100.2, 7.17, 398.8, 63.6, 63.4, 0.0, 15723, 0.997, 0, 3.16, 4.255, 37.70
2019-07-26 11:48:21, 1016.2, 25.17, 8.26, 100.0, 7.15, 399.9, 63.6, 63.4, 0.0, 15726, 0.997, 0, 3.37, 4.549, 37.80
2019-07-26 11:48:31, 1016.2, 25.17, 8.24, 99.8, 7.19, 396.7, 63.6, 63.4, 0.0, 15725, 0.997, 0, 3.47, 4.693, 38.00
2019-07-26 11:48:51, 1016.2, 25.15, 8.25, 99.8, 7.16, 395.4, 63.6, 63.5, 0.0, 15715, 0.997, 0, 3.55, 4.817, 38.40
2019-07-26 11:49:08, 1016.2, 25.11, 8.25, 99.8, 7.18, 409.2, 63.6, 63.5, 0.0, 15718, 0.997, 0, 3.71, 5.043, 38.70
2019-07-26 11:49:18, 1016.2, 25.10, 8.23, 99.5, 7.18, 403.7, 63.6, 63.5, 0.0, 15723, 0.997, 0, 3.81, 5.182, 38.80
2019-07-26 11:49:28, 1016.2, 25.08, 8.22, 99.4, 7.14, 400.3, 63.6, 63.5, 0.0, 15730, 0.997, 0, 3.94, 5.372, 39.00
2019-07-26 11:49:38, 1016.3, 25.07, 8.20, 99.1, 7.15, 397.8, 63.6, 63.5, 0.0, 15730, 0.997, 0, 4.10, 5.588, 39.20
2019-07-26 11:49:48, 1016.2, 25.06, 8.19, 99.0, 7.16, 397.7, 63.6, 63.5, 0.0, 15731, 0.997, 0, 4.26, 5.826, 39.30
2019-07-26 11:49:58, 1016.3, 25.06, 8.19, 98.9, 7.20, 392.7, 63.6, 63.5, 0.0, 15723, 0.997, 0, 4.34, 5.937, 39.50
2019-07-26 11:50:08, 1016.2, 25.06, 8.18, 98.8, 7.17, 392.7, 63.6, 63.6, 0.0, 15711, 0.997, 0, 4.49, 6.151, 39.60
2019-07-26 11:50:18, 1016.3, 25.06, 8.17, 98.7, 7.16, 391.1, 63.6, 63.6, 0.0, 15711, 0.997, 0, 4.41, 6.039, 39.80
2019-07-26 11:50:28, 1016.2, 25.06, 8.17, 98.7, 7.19, 388.7, 63.7, 63.6, 0.0, 15709, 0.997, 0, 4.48, 6.138, 39.90
2019-07-26 11:50:38, 1016.2, 25.05, 8.15, 98.5, 7.16, 388.7, 63.6, 63.6, 0.0, 15713, 0.997, 0, 4.64, 6.367, 40.10
2019-07-26 11:50:48, 1016.3, 25.06, 8.13, 98.3, 7.18, 386.9, 63.6, 63.5, 0.0, 15726, 0.997, 0, 4.60, 6.299, 40.20
2019-07-26 11:50:58, 1016.2, 25.06, 8.14, 98.4, 7.20, 383.3, 63.6, 63.5, 0.0, 15724, 0.997, 0, 4.66, 6.396, 40.30
2019-07-26 11:51:08, 1016.3, 25.04, 8.14, 98.3, 7.20, 383.4, 63.6, 63.5, 0.0, 15724, 0.997, 0, 4.78, 6.556, 40.50
2019-07-26 11:51:18, 1016.3, 25.01, 8.12, 98.1, 7.17, 380.9, 63.6, 63.6, 0.0, 15727, 0.997, 0, 4.86, 6.675, 40.60
2019-07-26 11:51:28, 1016.2, 24.95, 8.07, 97.4, 7.22, 379.2, 63.5, 63.5, 0.0, 15758, 0.997, 0, 4.86, 6.673, 40.70
2019-07-26 11:51:38, 1016.2, 24.92, 8.02, 96.6, 7.20, 378.6, 63.3, 63.4, 0.0, 15797, 0.997, 0, 4.98, 6.842, 40.90
2019-07-26 11:51:48, 1016.3, 24.89, 7.97, 96.0, 7.23, 376.7, 63.3, 63.4, 0.0, 15804, 0.997, 0, 5.00, 6.872, 41.00
2019-07-26 11:51:58, 1016.3, 24.81, 7.94, 95.6, 7.21, 376.2, 63.1, 63.3, 0.0, 15836, 0.997, 0, 5.07, 6.967, 41.10
2019-07-26 11:52:08, 1016.3, 24.78, 7.87, 94.6, 7.21, 374.0, 63.0, 63.3, 0.0, 15865, 0.997, 0, 5.15, 7.086, 41.30
2019-07-26 11:52:18, 1016.3, 24.75, 7.81, 93.9, 7.20, 373.1, 63.0, 63.2, 0.0, 15879, 0.997, 0, 5.20, 7.157, 41.40
2019-07-26 11:52:28, 1016.3, 24.67, 7.75, 93.0, 7.22, 371.6, 62.8, 63.2, 0.0, 15912, 0.997, 0, 5.31, 7.319, 41.50
2019-07-26 11:52:38, 1016.3, 24.56, 7.63, 91.4, 7.19, 372.3, 62.7, 63.2, 0.0, 15941, 0.997, 0, 5.42, 7.470, 41.60
2019-07-26 11:52:58, 1016.2, 23.84, 7.00, 83.0, 7.18, 370.9, 61.7, 62.8, 0.0, 16204, 0.997, 0, 5.65, 7.794, 41.90
2019-07-26 11:53:08, 1016.2, 23.48, 6.19, 72.7, 7.25, 368.5, 60.7, 62.5, 0.0, 16472, 0.997, 0, 5.73, 7.909, 42.00
2019-07-26 11:53:18, 1016.2, 23.16, 5.80, 67.9, 7.23, 369.5, 60.4, 62.3, 0.0, 16559, 0.997, 0, 5.77, 7.975, 42.10
2019-07-26 11:53:28, 1016.3, 23.12, 5.64, 65.7, 7.21, 369.5, 60.3, 62.5, 0.0, 16581, 0.998, 0, 5.78, 7.985, 42.20
2019-07-26 11:53:38, 1016.3, 22.75, 5.47, 63.6, 7.19, 370.5, 60.0, 62.3, 0.0, 16672, 0.998, 0, 5.97, 8.260, 42.30
2019-07-26 11:53:48, 1016.4, 22.67, 5.26, 60.9, 7.20, 368.9, 59.7, 62.5, 0.0, 16740, 0.998, 0, 5.96, 8.234, 42.50
2019-07-26 11:53:58, 1016.3, 22.36, 5.13, 59.2, 7.18, 367.7, 59.7, 62.5, 0.0, 16763, 0.998, 0, 6.10, 8.435, 42.50
2019-07-26 11:54:08, 1016.3, 22.22, 4.91, 56.3, 7.19, 366.5, 59.2, 62.4, 0.0, 16898, 0.998, 0, 6.06, 8.384, 42.60
2019-07-26 11:54:18, 1016.3, 22.03, 4.72, 54.0, 7.15, 367.4, 59.0, 62.4, 0.0, 16961, 0.998, 0, 6.14, 8.493, 42.60
2019-07-26 11:54:28, 1016.3, 21.94, 4.51, 51.4, 7.16, 365.5, 58.8, 62.3, 0.0, 17020, 0.998, 0, 6.23, 8.617, 42.70
2019-07-26 11:54:38, 1016.3, 21.70, 4.36, 49.6, 7.15, 364.2, 58.5, 62.3, 0.0, 17087, 0.998, 0, 6.38, 8.836, 42.80
2019-07-26 11:54:48, 1016.3, 21.46, 4.21, 47.7, 7.15, 363.3, 58.3, 62.3, 0.0, 17148, 0.998, 0, 6.48, 8.976, 42.90
2019-07-26 11:54:58, 1016.4, 21.25, 4.06, 45.7, 7.13, 361.7, 58.0, 62.3, 0.0, 17240, 0.998, 0, 6.56, 9.091, 43.00
2019-07-26 11:55:08, 1016.4, 20.97, 3.95, 44.2, 7.12, 359.9, 57.6, 62.2, 0.0, 17361, 0.998, 0, 6.72, 9.322, 43.00
2019-07-26 11:55:18, 1016.3, 20.84, 3.82, 42.7, 7.16, 357.2, 57.2, 62.0, 0.0, 17495, 0.998, 0, 6.59, 9.133, 43.10
2019-07-26 11:55:28, 1016.4, 20.15, 3.77, 41.8, 7.13, 357.7, 56.4, 61.5, 0.0, 17732, 0.998, 0, 6.89, 9.566, 43.20
2019-07-26 11:55:38, 1016.3, 19.87, 3.64, 39.9, 7.12, 357.5, 55.7, 61.7, 0.0, 17953, 0.998, 0, 6.95, 9.645, 43.20
2019-07-26 11:55:48, 1016.3, 19.75, 3.57, 39.0, 7.14, 354.1, 55.6, 61.8, 0.0, 17984, 0.998, 0, 6.87, 9.531, 43.30
2019-07-26 11:55:58, 1016.4, 19.63, 3.54, 38.6, 7.11, 354.1, 55.6, 61.9, 0.0, 17976, 0.998, 0, 6.95, 9.649, 43.30
2019-07-26 11:56:08, 1016.4, 19.55, 3.42, 37.1, 7.09, 352.9, 55.6, 62.0, 0.0, 17996, 0.998, 0, 7.03, 9.764, 43.40
2019-07-26 11:56:18, 1016.4, 19.50, 3.31, 36.0, 7.09, 350.5, 55.5, 62.0, 0.0, 18031, 0.998, 0, 7.13, 9.897, 43.40
2019-07-26 11:56:28, 1016.3, 19.44, 3.28, 35.6, 7.08, 349.0, 55.5, 62.1, 0.0, 18006, 0.998, 0, 7.12, 9.896, 43.50
2019-07-26 11:56:38, 1016.4, 19.32, 3.26, 35.4, 7.07, 347.1, 55.3, 61.9, 0.0, 18072, 0.998, 0, 7.25, 10.081, 43.50
2019-07-26 11:56:48, 1016.3, 19.15, 3.25, 35.1, 7.09, 343.6, 55.0, 61.7, 0.0, 18181, 0.998, 0, 7.30, 10.139, 43.60
2019-07-26 11:56:58, 1016.3, 18.79, 3.28, 35.2, 7.09, 341.6, 54.6, 61.7, 0.0, 18331, 0.998, 0, 7.39, 10.270, 43.70
2019-07-26 11:57:08, 1016.3, 18.38, 3.32, 35.4, 7.06, 341.1, 54.0, 61.5, 0.0, 18528, 0.999, 0, 7.65, 10.649, 43.70
2019-07-26 11:57:18, 1016.3, 18.12, 3.41, 36.1, 7.08, 338.5, 53.6, 61.5, 0.0, 18670, 0.999, 0, 7.68, 10.688, 43.80
2019-07-26 11:57:28, 1016.4, 17.94, 3.41, 35.9, 7.07, 336.4, 53.2, 61.3, 0.0, 18812, 0.999, 0, 7.78, 10.829, 43.80
2019-07-26 11:57:38, 1016.3, 17.72, 3.42, 35.8, 7.05, 336.3, 53.0, 61.5, 0.0, 18868, 0.999, 0, 7.81, 10.865, 43.90
2019-07-26 11:57:48, 1016.4, 17.63, 3.41, 35.7, 7.04, 333.1, 52.8, 61.3, 0.0, 18952, 0.999, 0, 8.12, 11.309, 43.90
2019-07-26 11:57:58, 1016.4, 17.59, 3.42, 35.7, 7.03, 331.1, 52.8, 61.4, 0.0, 18951, 0.999, 0, 7.96, 11.083, 44.00
2019-07-26 11:58:08, 1016.3, 17.32, 3.41, 35.5, 7.01, 330.9, 52.6, 61.4, 0.0, 19024, 0.999, 0, 8.31, 11.580, 44.00
2019-07-26 11:58:18, 1016.4, 17.14, 3.38, 35.1, 7.01, 328.2, 52.3, 61.4, 0.0, 19127, 0.999, 0, 8.45, 11.776, 44.10
2019-07-26 11:58:28, 1016.3, 17.11, 3.36, 34.8, 7.02, 324.9, 52.3, 61.5, 0.0, 19138, 0.999, 0, 8.19, 11.407, 44.10
2019-07-26 11:58:38, 1016.3, 17.11, 3.36, 34.7, 7.03, 323.2, 52.2, 61.5, 0.0, 19145, 0.999, 0, 8.10, 11.281, 44.20
2019-07-26 11:58:48, 1016.4, 17.01, 3.36, 34.7, 7.04, 320.8, 52.1, 61.4, 0.0, 19182, 0.999, 0, 8.15, 11.358, 44.20
2019-07-26 11:58:58, 1016.3, 16.86, 3.36, 34.6, 7.01, 318.2, 51.9, 61.4, 0.0, 19272, 0.999, 0, 8.32, 11.592, 44.20
2019-07-26 11:59:08, 1016.3, 16.74, 3.35, 34.4, 7.01, 316.0, 51.8, 61.4, 0.0, 19307, 0.999, 0, 8.38, 11.684, 44.30
2019-07-26 11:59:18, 1016.4, 16.65, 3.36, 34.4, 7.02, 313.1, 51.7, 61.4, 0.0, 19353, 0.999, 0, 8.46, 11.793, 44.30
2019-07-26 11:59:28, 1016.4, 16.49, 3.35, 34.2, 7.01, 311.2, 51.5, 61.3, 0.0, 19431, 0.999, 0, 8.66, 12.075, 44.40
2019-07-26 11:59:38, 1016.4, 16.29, 3.34, 34.1, 7.01, 309.6, 51.2, 61.3, 0.0, 19528, 0.999, 0, 8.82, 12.303, 44.40
2019-07-26 11:59:48, 1016.4, 16.11, 3.34, 33.9, 6.98, 309.4, 51.0, 61.2, 0.0, 19607, 0.999, 0, 8.93, 12.459, 44.50
2019-07-26 11:59:58, 1016.4, 15.92, 3.33, 33.6, 6.99, 305.6, 50.7, 61.3, 0.0, 19743, 0.999, 0, 9.05, 12.633, 44.50
2019-07-26 12:00:08, 1016.4, 15.80, 3.32, 33.4, 6.99, 304.3, 50.5, 61.2, 0.0, 19801, 0.999, 0, 9.11, 12.717, 44.60
2019-07-26 12:00:18, 1016.4, 15.75, 3.33, 33.5, 6.98, 301.6, 50.4, 61.2, 0.0, 19857, 0.999, 0, 9.13, 12.750, 44.60
2019-07-26 12:00:28, 1016.4, 15.59, 3.33, 33.4, 6.98, 299.6, 50.3, 61.1, 0.0, 19899, 0.999, 0, 9.37, 13.090, 44.60
2019-07-26 12:00:38, 1016.4, 15.57, 3.34, 33.4, 7.00, 296.6, 50.2, 61.2, 0.0, 19922, 0.999, 0, 9.23, 12.892, 44.70
2019-07-26 12:00:48, 1016.3, 15.53, 3.35, 33.5, 6.99, 294.9, 50.1, 61.1, 0.0, 19960, 0.999, 0, 9.22, 12.881, 44.70
2019-07-26 12:00:58, 1016.4, 15.48, 3.36, 33.6, 6.97, 293.4, 50.1, 61.2, 0.0, 19963, 0.999, 0, 9.35, 13.055, 44.80
2019-07-26 12:01:08, 1016.4, 15.43, 3.37, 33.6, 6.98, 290.8, 50.1, 61.2, 0.0, 19979, 0.999, 0, 9.44, 13.185, 44.80
2019-07-26 12:01:18, 1016.4, 15.39, 3.37, 33.6, 6.98, 289.3, 50.0, 61.3, 0.0, 19981, 0.999, 0, 9.50, 13.281, 44.90
2019-07-26 12:01:28, 1016.4, 15.32, 3.36, 33.5, 6.94, 288.6, 50.0, 61.4, 0.0, 19990, 0.999, 0, 9.65, 13.486, 44.90
2019-07-26 12:01:38, 1016.4, 15.31, 3.35, 33.4, 6.96, 285.7, 50.0, 61.3, 0.0, 20009, 0.999, 0, 9.64, 13.474, 44.90
2019-07-26 12:01:48, 1016.4, 15.29, 3.35, 33.3, 6.94, 284.7, 50.0, 61.3, 0.0, 20007, 0.999, 0, 9.85, 13.767, 44.90
2019-07-26 12:01:58, 1016.4, 15.23, 3.34, 33.2, 6.94, 282.0, 50.0, 61.4, 0.0, 20010, 0.999, 0, 9.84, 13.760, 45.00
2019-07-26 12:02:08, 1016.4, 15.21, 3.32, 33.0, 6.93, 279.9, 49.9, 61.3, 0.0, 20043, 0.999, 0, 9.88, 13.813, 45.00
2019-07-26 12:02:18, 1016.4, 15.12, 3.31, 32.8, 6.91, 278.6, 49.8, 61.3, 0.0, 20078, 0.999, 0, 9.94, 13.906, 45.10
2019-07-26 12:02:28, 1016.4, 15.08, 3.28, 32.6, 6.93, 275.9, 49.7, 61.3, 0.0, 20109, 0.999, 0, 10.08, 14.104, 45.10
2019-07-26 12:02:38, 1016.4, 15.03, 3.29, 32.5, 6.90, 274.8, 49.7, 61.3, 0.0, 20128, 0.999, 0, 10.13, 14.169, 45.10
2019-07-26 12:02:48, 1016.4, 15.00, 3.31, 32.8, 6.93, 271.8, 49.5, 61.2, 0.0, 20183, 0.999, 0, 10.21, 14.289, 45.10
2019-07-26 12:02:58, 1016.4, 14.90, 3.36, 33.2, 6.93, 269.8, 49.5, 61.2, 0.0, 20213, 0.999, 0, 10.26, 14.359, 45.20
2019-07-26 12:03:08, 1016.4, 14.85, 3.41, 33.6, 6.91, 268.6, 49.3, 61.2, 0.0, 20271, 0.999, 0, 10.48, 14.673, 45.20
2019-07-26 12:03:25, 1016.4, 14.72, 3.43, 33.7, 6.88, 279.7, 49.2, 61.1, 0.0, 20331, 0.999, 0, 10.75, 15.056, 45.30
2019-07-26 12:03:35, 1016.4, 14.71, 3.45, 33.9, 6.90, 274.3, 49.2, 61.2, 0.0, 20346, 0.999, 0, 10.66, 14.918, 45.30
2019-07-26 12:03:45, 1016.4, 14.62, 3.46, 33.9, 6.89, 271.3, 49.1, 61.1, 0.0, 20383, 0.999, 0, 10.80, 15.130, 45.30
2019-07-26 12:03:55, 1016.4, 14.60, 3.48, 34.2, 6.91, 267.5, 49.1, 61.2, 0.0, 20369, 0.999, 0, 10.71, 14.992, 45.30
2019-07-26 12:04:05, 1016.4, 14.58, 3.50, 34.3, 6.87, 265.5, 49.0, 61.2, 0.0, 20411, 0.999, 0, 10.90, 15.266, 45.30
2019-07-26 12:04:15, 1016.4, 14.56, 3.51, 34.4, 6.87, 262.3, 49.0, 61.2, 0.0, 20406, 0.999, 0, 10.90, 15.263, 45.40
2019-07-26 12:04:25, 1016.4, 14.52, 3.52, 34.4, 6.87, 258.9, 49.0, 61.2, 0.0, 20422, 0.999, 0, 10.90, 15.262, 45.40
2019-07-26 12:04:35, 1016.4, 14.44, 3.48, 34.0, 6.87, 257.6, 49.0, 61.3, 0.0, 20418, 0.999, 0, 11.02, 15.442, 45.40
2019-07-26 12:04:45, 1016.4, 14.40, 3.37, 32.9, 6.86, 253.9, 48.9, 61.3, 0.0, 20438, 0.999, 0, 11.10, 15.547, 45.40
2019-07-26 12:04:55, 1016.4, 14.31, 3.35, 32.6, 6.87, 252.2, 48.8, 61.3, 0.0, 20496, 0.999, 0, 11.29, 15.819, 45.40
2019-07-26 12:05:05, 1016.4, 14.26, 3.35, 32.6, 6.85, 249.5, 48.7, 61.2, 0.0, 20541, 0.999, 0, 11.44, 16.036, 45.40
2019-07-26 12:05:15, 1016.4, 14.22, 3.36, 32.6, 6.86, 246.4, 48.7, 61.3, 0.0, 20546, 0.999, 0, 11.40, 15.976, 45.40
2019-07-26 12:05:25, 1016.4, 14.14, 3.34, 32.4, 6.85, 244.9, 48.6, 61.3, 0.0, 20557, 0.999, 0, 11.56, 16.201, 45.40
2019-07-26 12:05:35, 1016.3, 14.13, 3.29, 31.9, 6.83, 243.7, 48.7, 61.4, 0.0, 20549, 0.999, 0, 11.63, 16.308, 45.40
2019-07-26 12:05:45, 1016.4, 14.08, 3.20, 31.0, 6.82, 241.7, 48.7, 61.5, 0.0, 20533, 0.999, 0, 11.77, 16.496, 45.50
2019-07-26 12:05:55, 1016.3, 14.04, 3.13, 30.3, 6.83, 238.7, 48.6, 61.4, 0.0, 20585, 0.999, 0, 11.91, 16.707, 45.40
2019-07-26 12:06:05, 1016.4, 14.04, 3.14, 30.4, 6.84, 236.2, 48.5, 61.3, 0.0, 20631, 0.999, 0, 11.92, 16.719, 45.50
2019-07-26 12:06:15, 1016.4, 14.04, 3.19, 30.9, 6.84, 234.6, 48.5, 61.3, 0.0, 20637, 0.999, 0, 12.00, 16.826, 45.50
2019-07-26 12:06:25, 1016.3, 13.99, 3.26, 31.5, 6.83, 232.9, 48.4, 61.3, 0.0, 20660, 0.999, 0, 12.12, 17.007, 45.50
2019-07-26 12:06:35, 1016.4, 13.99, 3.32, 32.1, 6.83, 232.0, 48.4, 61.3, 0.0, 20663, 0.999, 0, 12.05, 16.895, 45.50
2019-07-26 12:06:45, 1016.4, 13.99, 3.35, 32.4, 6.82, 228.8, 48.4, 61.2, 0.0, 20674, 0.999, 0, 12.20, 17.111, 45.50
2019-07-26 12:06:55, 1016.3, 13.97, 3.38, 32.7, 6.82, 227.1, 48.4, 61.3, 0.0, 20660, 0.999, 0, 12.25, 17.179, 45.50
2019-07-26 12:07:05, 1016.4, 13.88, 3.39, 32.8, 6.81, 226.1, 48.4, 61.3, 0.0, 20676, 0.999, 0, 12.40, 17.393, 45.50
2019-07-26 12:07:15, 1016.4, 13.86, 3.41, 32.9, 6.80, 224.0, 48.2, 61.3, 0.0, 20732, 0.999, 0, 12.46, 17.477, 45.60
2019-07-26 12:07:25, 1016.3, 13.84, 3.43, 33.0, 6.79, 222.0, 48.2, 61.3, 0.0, 20744, 0.999, 0, 12.50, 17.545, 45.60
2019-07-26 12:07:35, 1016.4, 13.68, 3.44, 33.1, 6.81, 219.6, 47.9, 61.0, 0.0, 20862, 0.999, 0, 12.73, 17.863, 45.60
2019-07-26 12:07:45, 1016.3, 13.61, 3.53, 33.9, 6.80, 218.3, 47.9, 61.1, 0.0, 20887, 0.999, 0, 12.77, 17.931, 45.60
2019-07-26 12:07:55, 1016.4, 13.58, 3.57, 34.3, 6.79, 217.1, 47.8, 61.1, 0.0, 20933, 0.999, 0, 12.77, 17.929, 45.60
2019-07-26 12:08:05, 1016.4, 13.58, 3.62, 34.7, 6.80, 215.1, 47.8, 61.1, 0.0, 20936, 0.999, 0, 12.83, 18.007, 45.70
2019-07-26 12:08:15, 1016.4, 13.58, 3.65, 35.0, 6.79, 214.1, 47.8, 61.1, 0.0, 20930, 0.999, 0, 12.92, 18.141, 45.70
2019-07-26 12:08:25, 1016.4, 13.54, 3.67, 35.2, 6.78, 212.9, 47.8, 61.1, 0.0, 20935, 0.999, 0, 13.01, 18.267, 45.70
2019-07-26 12:08:35, 1016.3, 13.51, 3.70, 35.4, 6.78, 211.0, 47.7, 61.2, 0.0, 20947, 0.999, 0, 13.13, 18.440, 45.70
2019-07-26 12:08:45, 1016.3, 13.49, 3.70, 35.4, 6.78, 210.0, 47.7, 61.2, 0.0, 20948, 0.999, 0, 13.19, 18.525, 45.70
2019-07-26 12:08:55, 1016.3, 13.45, 3.64, 34.8, 6.78, 208.6, 47.7, 61.2, 0.0, 20962, 0.999, 0, 13.25, 18.610, 45.70
2019-07-26 12:09:05, 1016.4, 13.42, 3.64, 34.8, 6.77, 207.2, 47.6, 61.1, 0.0, 21017, 0.999, 0, 13.26, 18.629, 45.80
2019-07-26 12:09:15, 1016.4, 13.32, 3.66, 35.0, 6.77, 206.4, 47.5, 61.0, 0.0, 21045, 0.999, 0, 13.45, 18.891, 45.80
2019-07-26 12:09:25, 1016.4, 13.24, 3.74, 35.6, 6.75, 205.3, 47.4, 61.1, 0.0, 21103, 0.999, 0, 13.53, 19.008, 45.80
2019-07-26 12:09:35, 1016.4, 13.17, 3.78, 35.9, 6.77, 203.7, 47.3, 61.1, 0.0, 21135, 0.999, 0, 13.64, 19.158, 45.80
2019-07-26 12:09:45, 1016.3, 13.09, 3.80, 36.1, 6.77, 203.0, 47.2, 61.0, 0.0, 21183, 0.999, 0, 13.70, 19.252, 45.80
2019-07-26 12:09:55, 1016.4, 13.22, 3.85, 36.5, 6.76, 201.4, 47.4, 61.3, 0.0, 21109, 0.999, 0, 13.71, 19.261, 45.80
2019-07-26 12:10:05, 1016.4, 13.36, 3.80, 36.3, 6.74, 201.3, 47.6, 61.3, 0.0, 20993, 0.999, 0, 13.86, 19.482, 45.90
2019-07-26 12:10:15, 1016.3, 13.27, 3.74, 35.7, 6.74, 199.9, 47.6, 61.2, 0.0, 21006, 0.999, 0, 13.93, 19.571, 45.90
2019-07-26 12:10:25, 1016.3, 12.92, 3.79, 35.9, 6.75, 198.8, 47.1, 61.0, 0.0, 21252, 0.999, 0, 13.98, 19.648, 45.90
2019-07-26 12:10:35, 1016.3, 12.62, 3.90, 36.7, 6.76, 198.2, 46.7, 60.9, 0.0, 21415, 0.999, 0, 14.25, 20.029, 45.90
2019-07-26 12:10:45, 1016.3, 12.40, 4.12, 38.5, 6.75, 198.0, 46.3, 60.8, 0.0, 21604, 0.999, 0, 14.48, 20.353, 45.90
2019-07-26 12:10:55, 1016.4, 12.35, 4.39, 40.9, 6.75, 196.6, 46.2, 60.9, 0.0, 21662, 0.999, 0, 14.45, 20.319, 46.00
2019-07-26 12:11:05, 1016.3, 12.28, 4.49, 41.8, 6.74, 196.3, 46.0, 60.7, 0.0, 21730, 0.999, 0, 14.59, 20.508, 46.00
2019-07-26 12:11:15, 1016.4, 11.94, 4.56, 42.3, 6.75, 194.4, 45.8, 60.7, 0.0, 21831, 1.000, 0, 14.85, 20.886, 46.00
2019-07-26 12:11:25, 1016.3, 11.79, 4.67, 43.1, 6.76, 193.6, 45.4, 60.5, 0.0, 22035, 1.000, 0, 14.97, 21.059, 46.00
2019-07-26 12:11:35, 1016.4, 11.70, 4.83, 44.4, 6.75, 193.0, 45.4, 60.7, 0.0, 22047, 1.000, 0, 15.14, 21.300, 46.10
2019-07-26 12:11:45, 1016.3, 11.71, 4.93, 45.3, 6.76, 193.3, 45.3, 60.7, 0.0, 22080, 1.000, 0, 15.13, 21.278, 46.00
2019-07-26 12:11:55, 1016.3, 11.57, 5.00, 45.8, 6.75, 191.5, 45.3, 60.8, 0.0, 22096, 1.000, 0, 15.27, 21.483, 46.10
2019-07-26 12:12:05, 1016.3, 11.29, 5.05, 46.1, 6.74, 191.1, 44.8, 60.5, 0.0, 22315, 1.000, 0, 15.53, 21.849, 46.10
2019-07-26 12:12:15, 1016.4, 10.77, 5.13, 46.5, 6.76, 190.0, 44.5, 60.6, 0.0, 22484, 1.000, 0, 15.81, 22.254, 46.20
2019-07-26 12:12:25, 1016.3, 10.41, 5.27, 47.2, 6.77, 189.2, 44.1, 60.8, 0.0, 22700, 1.000, 0, 16.04, 22.580, 46.20
2019-07-26 12:12:35, 1016.3, 10.08, 5.37, 47.7, 6.76, 188.9, 43.8, 60.9, 0.0, 22839, 1.000, 0, 16.15, 22.734, 46.20
2019-07-26 12:12:45, 1016.4, 9.80, 5.44, 48.1, 6.76, 188.1, 43.5, 61.0, 0.0, 23001, 1.000, 0, 16.16, 22.751, 46.30
2019-07-26 12:12:55, 1016.3, 9.55, 5.58, 49.0, 6.75, 188.2, 43.4, 61.2, 0.0, 23045, 1.000, 0, 16.64, 23.436, 46.30
2019-07-26 12:13:05, 1016.3, 9.25, 5.69, 49.4, 6.77, 186.5, 43.0, 61.4, 0.0, 23248, 1.000, 0, 16.79, 23.642, 46.40
2019-07-26 12:13:15, 1016.3, 9.13, 5.75, 49.7, 6.76, 186.4, 42.9, 61.6, 0.0, 23291, 1.000, 0, 16.95, 23.874, 46.40
2019-07-26 12:13:25, 1016.3, 8.96, 5.77, 49.9, 6.74, 186.0, 42.9, 61.6, 0.0, 23308, 1.000, 0, 17.38, 24.485, 46.50
2019-07-26 12:13:35, 1016.3, 8.80, 5.80, 49.9, 6.74, 185.0, 42.7, 61.8, 0.0, 23419, 1.000, 0, 17.35, 24.435, 46.60
2019-07-26 12:13:45, 1016.3, 8.76, 5.81, 49.9, 6.74, 184.7, 42.6, 61.7, 0.0, 23461, 1.000, 0, 17.35, 24.441, 46.60
2019-07-26 12:13:55, 1016.3, 8.66, 5.83, 49.9, 6.74, 183.6, 42.6, 61.9, 0.0, 23475, 1.000, 0, 17.46, 24.594, 46.70
2019-07-26 12:14:05, 1016.3, 8.52, 5.87, 50.1, 6.73, 183.2, 42.5, 62.0, 0.0, 23530, 1.000, 0, 17.71, 24.947, 46.80
2019-07-26 12:14:15, 1016.3, 8.41, 5.88, 50.0, 6.73, 182.4, 42.5, 62.2, 0.0, 23543, 1.000, 0, 17.85, 25.149, 46.90
2019-07-26 12:14:25, 1016.3, 8.29, 5.90, 50.0, 6.73, 181.3, 42.4, 62.2, 0.0, 23598, 1.000, 0, 18.08, 25.481, 46.90
2019-07-26 12:14:35, 1016.3, 8.18, 5.91, 50.0, 6.72, 180.7, 42.3, 62.3, 0.0, 23638, 1.000, 0, 18.38, 25.908, 47.00
2019-07-26 12:14:45, 1016.2, 8.02, 5.93, 50.0, 6.72, 180.6, 42.1, 62.2, 0.0, 23755, 1.000, 0, 18.58, 26.185, 47.10
2019-07-26 12:15:02, 1016.3, 7.89, 6.03, 50.6, 6.72, 187.5, 42.0, 62.4, 0.0, 23809, 1.000, 0, 18.87, 26.597, 47.20
2019-07-26 12:15:12, 1016.3, 7.75, 6.06, 50.8, 6.72, 185.0, 42.0, 62.4, 0.0, 23834, 1.000, 0, 19.06, 26.876, 47.30
2019-07-26 12:15:22, 1016.3, 7.72, 6.10, 51.0, 6.71, 182.6, 41.9, 62.5, 0.0, 23868, 1.000, 0, 19.29, 27.204, 47.40
2019-07-26 12:15:32, 1016.3, 7.70, 6.13, 51.2, 6.72, 181.9, 41.9, 62.5, 0.0, 23884, 1.000, 0, 19.36, 27.294, 47.50
2019-07-26 12:15:42, 1016.3, 7.66, 6.13, 51.2, 6.72, 179.7, 41.9, 62.6, 0.0, 23871, 1.000, 0, 19.39, 27.345, 47.50
2019-07-26 12:15:52, 1016.2, 7.61, 6.14, 51.2, 6.71, 178.5, 41.8, 62.6, 0.0, 23897, 1.000, 0, 19.70, 27.787, 47.60
2019-07-26 12:16:02, 1016.3, 7.56, 6.14, 51.2, 6.70, 177.1, 41.7, 62.5, 0.0, 23954, 1.000, 0, 19.92, 28.097, 47.70
2019-07-26 12:16:12, 1016.3, 7.55, 6.15, 51.2, 6.70, 176.9, 41.8, 62.7, 0.0, 23919, 1.000, 0, 20.03, 28.248, 47.80
2019-07-26 12:16:22, 1016.3, 7.52, 6.15, 51.2, 6.70, 175.7, 41.8, 62.7, 0.0, 23923, 1.000, 0, 20.07, 28.302, 47.90
2019-07-26 12:16:32, 1016.3, 7.51, 6.15, 51.2, 6.71, 174.3, 41.8, 62.7, 0.0, 23935, 1.000, 0, 19.99, 28.190, 47.90
2019-07-26 12:16:42, 1016.3, 7.51, 6.14, 51.1, 6.70, 174.3, 41.8, 62.7, 0.0, 23946, 1.000, 0, 20.15, 28.420, 47.90
2019-07-26 12:16:52, 1016.3, 7.49, 6.13, 51.0, 6.71, 172.7, 41.7, 62.6, 0.0, 23985, 1.000, 0, 20.42, 28.809, 47.90
2019-07-26 12:17:02, 1016.3, 7.46, 6.12, 50.9, 6.71, 171.7, 41.7, 62.7, 0.0, 23995, 1.000, 0, 20.58, 29.034, 47.90
2019-07-26 12:17:12, 1016.3, 7.42, 6.11, 50.7, 6.70, 171.1, 41.7, 62.8, 0.0, 23969, 1.000, 0, 20.68, 29.180, 47.90
2019-07-26 12:17:22, 1016.3, 7.41, 6.10, 50.6, 6.70, 170.4, 41.7, 62.7, 0.0, 23997, 1.000, 0, 20.79, 29.336, 47.90
2019-07-26 12:17:32, 1016.3, 7.37, 6.09, 50.6, 6.70, 170.5, 41.6, 62.7, 0.0, 24013, 1.000, 0, 21.07, 29.729, 48.00
2019-07-26 12:17:42, 1016.3, 7.36, 6.09, 50.5, 6.71, 168.8, 41.7, 62.8, 0.0, 23997, 1.000, 0, 21.12, 29.796, 48.00
2019-07-26 12:17:52, 1016.3, 7.32, 6.09, 50.4, 6.71, 168.4, 41.6, 62.8, 0.0, 24016, 1.000, 0, 21.31, 30.072, 48.00
2019-07-26 12:18:02, 1016.3, 7.32, 6.09, 50.4, 6.70, 168.0, 41.6, 62.8, 0.0, 24033, 1.000, 0, 21.40, 30.205, 48.00
2019-07-26 12:18:12, 1016.3, 7.31, 6.07, 50.3, 6.69, 167.4, 41.6, 62.8, 0.0, 24031, 1.000, 0, 21.62, 30.517, 48.10
2019-07-26 12:18:22, 1016.3, 7.27, 6.07, 50.2, 6.70, 166.8, 41.6, 62.9, 0.0, 24039, 1.000, 0, 21.87, 30.865, 48.10
2019-07-26 12:18:32, 1016.3, 7.27, 6.07, 50.2, 6.68, 167.3, 41.6, 62.9, 0.0, 24053, 1.000, 0, 21.90, 30.914, 48.20
2019-07-26 12:18:42, 1016.3, 7.23, 6.07, 50.2, 6.70, 165.6, 41.5, 62.9, 0.0, 24074, 1.000, 0, 22.10, 31.190, 48.20
2019-07-26 12:18:52, 1016.3, 7.22, 6.06, 50.1, 6.70, 165.6, 41.5, 62.9, 0.0, 24074, 1.000, 0, 22.22, 31.371, 48.30
2019-07-26 12:19:02, 1016.3, 7.22, 6.05, 50.0, 6.69, 165.1, 41.6, 62.9, 0.0, 24057, 1.000, 0, 22.39, 31.614, 48.30
2019-07-26 12:19:12, 1016.3, 7.19, 6.05, 49.9, 6.70, 164.4, 41.5, 62.9, 0.0, 24078, 1.000, 0, 22.50, 31.761, 48.30
2019-07-26 12:19:22, 1016.3, 7.17, 6.04, 49.8, 6.70, 163.6, 41.5, 63.0, 0.0, 24075, 1.000, 0, 22.68, 32.016, 48.40
2019-07-26 12:19:32, 1016.2, 7.17, 6.04, 49.9, 6.69, 164.2, 41.5, 62.9, 0.0, 24102, 1.000, 0, 22.85, 32.269, 48.40
2019-07-26 12:19:42, 1016.3, 7.14, 6.04, 49.8, 6.69, 163.2, 41.5, 63.0, 0.0, 24073, 1.000, 0, 23.10, 32.623, 48.50
2019-07-26 12:19:52, 1016.4, 7.13, 6.02, 49.6, 6.69, 163.1, 41.5, 63.0, 0.0, 24101, 1.000, 0, 23.26, 32.850, 48.50
2019-07-26 12:20:02, 1016.3, 7.10, 5.99, 49.3, 6.68, 162.6, 41.5, 63.1, 0.0, 24090, 1.000, 0, 23.41, 33.061, 48.50
2019-07-26 12:20:12, 1016.4, 7.08, 5.97, 49.1, 6.67, 162.4, 41.5, 63.1, 0.0, 24082, 1.000, 0, 23.68, 33.444, 48.60
2019-07-26 12:20:22, 1016.3, 7.07, 5.95, 49.0, 6.69, 161.3, 41.5, 63.1, 0.0, 24090, 1.000, 0, 23.80, 33.620, 48.60
2019-07-26 12:20:32, 1016.3, 7.07, 5.93, 48.8, 6.67, 161.7, 41.5, 63.1, 0.0, 24119, 1.000, 0, 24.13, 34.080, 48.60
2019-07-26 12:20:42, 1016.3, 7.05, 5.92, 48.7, 6.68, 160.6, 41.5, 63.1, 0.0, 24102, 1.000, 0, 24.33, 34.365, 48.70
2019-07-26 12:20:52, 1016.3, 7.04, 5.91, 48.6, 6.67, 160.8, 41.5, 63.2, 0.0, 24098, 1.000, 0, 24.49, 34.602, 48.80
2019-07-26 12:21:02, 1016.3, 7.03, 5.90, 48.5, 6.67, 160.4, 41.5, 63.1, 0.0, 24114, 1.000, 0, 24.64, 34.815, 48.80
2019-07-26 12:21:12, 1016.3, 7.03, 5.88, 48.4, 6.66, 160.3, 41.5, 63.2, 0.0, 24090, 1.000, 0, 24.88, 35.145, 48.90
2019-07-26 12:21:22, 1016.3, 7.03, 5.87, 48.2, 6.65, 159.4, 41.5, 63.2, 0.0, 24110, 1.000, 0, 25.10, 35.467, 48.90
2019-07-26 12:21:32, 1016.3, 7.03, 5.87, 48.2, 6.67, 158.8, 41.5, 63.2, 0.0, 24105, 1.000, 0, 25.18, 35.584, 49.00
2019-07-26 12:21:42, 1016.3, 7.03, 5.86, 48.2, 6.67, 158.4, 41.5, 63.1, 0.0, 24120, 1.000, 0, 25.47, 35.984, 49.00
2019-07-26 12:21:52, 1016.4, 7.02, 5.85, 48.1, 6.66, 158.6, 41.5, 63.2, 0.0, 24100, 1.000, 0, 25.66, 36.259, 49.10
2019-07-26 12:22:02, 1016.3, 6.99, 5.84, 48.0, 6.66, 157.6, 41.4, 63.2, 0.0, 24126, 1.000, 0, 25.84, 36.520, 49.20
2019-07-26 12:22:12, 1016.4, 6.98, 5.83, 47.9, 6.65, 158.1, 41.5, 63.2, 0.0, 24115, 1.000, 0, 26.11, 36.900, 49.20
2019-07-26 12:22:22, 1016.3, 6.98, 5.84, 47.9, 6.65, 157.3, 41.5, 63.3, 0.0, 24091, 1.000, 0, 26.31, 37.185, 49.30
2019-07-26 12:22:32, 1016.3, 6.98, 5.85, 48.0, 6.66, 156.7, 41.4, 63.2, 0.0, 24129, 1.000, 0, 26.40, 37.315, 49.40
2019-07-26 12:22:42, 1016.3, 6.96, 5.83, 47.9, 6.65, 157.0, 41.5, 63.3, 0.0, 24089, 1.000, 0, 26.79, 37.860, 49.40
2019-07-26 12:22:52, 1016.4, 6.95, 5.79, 47.5, 6.64, 156.3, 41.5, 63.3, 0.0, 24107, 1.000, 0, 26.99, 38.151, 49.50
2019-07-26 12:23:02, 1016.4, 6.94, 5.77, 47.4, 6.64, 156.4, 41.5, 63.4, 0.0, 24099, 1.000, 0, 27.22, 38.477, 49.60
2019-07-26 12:23:12, 1016.4, 6.94, 5.75, 47.2, 6.63, 156.9, 41.5, 63.3, 0.0, 24123, 1.000, 0, 27.35, 38.667, 49.60
2019-07-26 12:23:22, 1016.3, 6.93, 5.76, 47.2, 6.64, 155.4, 41.5, 63.3, 0.0, 24118, 1.000, 0, 27.55, 38.953, 49.70
2019-07-26 12:23:32, 1016.4, 6.93, 5.77, 47.3, 6.64, 155.7, 41.4, 63.3, 0.0, 24126, 1.000, 0, 27.83, 39.350, 49.80
2019-07-26 12:23:42, 1016.3, 6.93, 5.78, 47.4, 6.64, 155.3, 41.4, 63.3, 0.0, 24138, 1.000, 0, 28.02, 39.617, 49.80
2019-07-26 12:24:02, 1016.3, 6.93, 5.77, 47.3, 6.65, 154.0, 41.4, 63.3, 0.0, 24142, 1.000, 0, 28.21, 39.880, 50.00
2019-07-26 12:24:12, 1016.3, 6.93, 5.77, 47.3, 6.65, 153.6, 41.4, 63.3, 0.0, 24137, 1.000, 0, 28.36, 40.104, 50.00
2019-07-26 12:24:22, 1016.4, 6.91, 5.76, 47.2, 6.64, 154.0, 41.4, 63.3, 0.0, 24132, 1.000, 0, 28.60, 40.443, 50.10
2019-07-26 12:24:32, 1016.3, 6.89, 5.76, 47.2, 6.62, 154.6, 41.4, 63.3, 0.0, 24147, 1.000, 0, 29.03, 41.055, 50.20
2019-07-26 12:24:42, 1016.4, 6.90, 5.76, 47.1, 6.63, 154.0, 41.4, 63.3, 0.0, 24145, 1.000, 0, 29.29, 41.417, 50.20
2019-07-26 12:24:52, 1016.4, 6.88, 5.75, 47.1, 6.63, 154.1, 41.4, 63.4, 0.0, 24130, 1.000, 0, 29.53, 41.760, 50.30
2019-07-26 12:25:02, 1016.4, 6.88, 5.75, 47.1, 6.62, 153.6, 41.4, 63.4, 0.0, 24127, 1.000, 0, 29.74, 42.058, 50.30
2019-07-26 12:25:12, 1016.4, 6.88, 5.73, 46.9, 6.63, 153.1, 41.5, 63.4, 0.0, 24106, 1.000, 0, 29.88, 42.258, 50.40
2019-07-26 12:25:22, 1016.4, 6.88, 5.71, 46.8, 6.63, 152.5, 41.4, 63.4, 0.0, 24135, 1.000, 0, 29.97, 42.393, 50.40
2019-07-26 12:25:32, 1016.3, 6.88, 5.70, 46.7, 6.62, 153.0, 41.4, 63.3, 0.0, 24151, 1.000, 0, 30.05, 42.510, 50.50
2019-07-26 12:25:42, 1016.3, 6.88, 5.69, 46.6, 6.62, 152.5, 41.5, 63.4, 0.0, 24110, 1.000, 0, 30.36, 42.951, 50.50
2019-07-26 12:25:52, 1016.3, 6.88, 5.69, 46.6, 6.63, 151.9, 41.5, 63.4, 0.0, 24121, 1.000, 0, 30.32, 42.881, 50.60
2019-07-26 12:26:02, 1016.3, 6.88, 5.69, 46.6, 6.64, 151.2, 41.5, 63.5, 0.0, 24080, 1.000, 0, 30.31, 42.873, 50.60
2019-07-26 12:26:12, 1016.3, 6.88, 5.69, 46.6, 6.62, 151.6, 41.5, 63.4, 0.0, 24104, 1.000, 0, 30.35, 42.931, 50.60
2019-07-26 12:26:22, 1016.4, 6.88, 5.68, 46.5, 6.61, 152.0, 41.5, 63.4, 0.0, 24109, 1.000, 0, 30.37, 42.952, 50.70
2019-07-26 12:26:32, 1016.4, 6.88, 5.68, 46.5, 6.62, 151.2, 41.5, 63.4, 0.0, 24110, 1.000, 0, 30.37, 42.961, 50.70
2019-07-26 12:26:42, 1016.3, 6.88, 5.68, 46.5, 6.60, 151.7, 41.5, 63.4, 0.0, 24101, 1.000, 0, 30.38, 42.967, 50.70
2019-07-26 12:26:52, 1016.4, 6.88, 5.68, 46.5, 6.61, 151.5, 41.4, 63.4, 0.0, 24134, 1.000, 0, 30.42, 43.028, 50.80
2019-07-26 12:27:02, 1016.4, 6.88, 5.67, 46.5, 6.62, 150.5, 41.5, 63.5, 0.0, 24096, 1.000, 0, 30.34, 42.915, 50.80
2019-07-26 12:27:12, 1016.3, 6.88, 5.67, 46.4, 6.62, 150.4, 41.5, 63.4, 0.0, 24108, 1.000, 0, 30.34, 42.915, 50.80
2019-07-26 12:27:22, 1016.4, 6.88, 5.67, 46.5, 6.62, 150.5, 41.5, 63.4, 0.0, 24116, 1.000, 0, 30.33, 42.906, 50.80
2019-07-26 12:27:32, 1016.4, 6.88, 5.67, 46.5, 6.62, 150.8, 41.5, 63.4, 0.0, 24105, 1.000, 0, 30.33, 42.899, 50.90
2019-07-26 12:27:42, 1016.4, 6.88, 5.67, 46.5, 6.61, 150.1, 41.5, 63.4, 0.0, 24106, 1.000, 0, 30.32, 42.886, 50.90
2019-07-26 12:27:52, 1016.4, 6.92, 5.69, 46.6, 6.62, 149.8, 41.4, 63.4, 0.0, 24136, 1.000, 0, 27.28, 38.563, 51.00
2019-07-26 12:28:02, 1016.4, 6.94, 5.74, 47.1, 6.64, 148.7, 41.5, 63.3, 0.0, 24124, 1.000, 0, 25.58, 36.138, 51.00
2019-07-26 12:28:12, 1016.4, 6.98, 5.78, 47.4, 6.62, 149.3, 41.5, 63.3, 0.0, 24103, 1.000, 0, 25.02, 35.344, 51.00
2019-07-26 12:28:22, 1016.4, 6.98, 5.80, 47.6, 6.62, 149.7, 41.5, 63.2, 0.0, 24118, 1.000, 0, 25.00, 35.320, 51.00
2019-07-26 12:28:32, 1016.3, 6.98, 5.82, 47.8, 6.63, 148.9, 41.5, 63.3, 0.0, 24090, 1.000, 0, 24.99, 35.301, 51.10
2019-07-26 12:28:42, 1016.3, 6.98, 5.82, 47.8, 6.64, 148.6, 41.5, 63.2, 0.0, 24110, 1.000, 0, 24.97, 35.274, 51.10
2019-07-26 12:28:52, 1016.3, 6.98, 5.82, 47.8, 6.64, 148.6, 41.4, 63.2, 0.0, 24128, 1.000, 0, 24.97, 35.276, 51.10
2019-07-26 12:29:02, 1016.3, 6.98, 5.83, 47.9, 6.63, 149.4, 41.5, 63.2, 0.0, 24110, 1.000, 0, 24.99, 35.304, 51.10
2019-07-26 12:29:12, 1016.4, 6.98, 5.83, 47.9, 6.61, 150.0, 41.5, 63.3, 0.0, 24097, 1.000, 0, 24.97, 35.281, 51.10
2019-07-26 12:29:22, 1016.3, 6.98, 5.84, 47.9, 6.60, 149.7, 41.5, 63.2, 0.0, 24124, 1.000, 0, 24.97, 35.281, 51.10
2019-07-26 12:29:32, 1016.3, 7.09, 5.86, 48.1, 6.60, 149.2, 41.5, 63.2, 0.0, 24122, 1.000, 0, 22.27, 31.443, 51.20
2019-07-26 12:29:42, 1016.3, 7.32, 5.99, 49.4, 6.62, 148.7, 41.6, 63.1, 0.0, 24032, 1.000, 0, 20.06, 28.296, 51.20
2019-07-26 12:29:52, 1016.4, 7.32, 6.05, 50.1, 6.63, 148.4, 41.7, 62.9, 0.0, 23997, 1.000, 0, 20.05, 28.281, 51.20
2019-07-26 12:30:02, 1016.4, 7.34, 6.08, 50.3, 6.60, 149.8, 41.7, 63.0, 0.0, 23967, 1.000, 0, 20.06, 28.290, 51.20
2019-07-26 12:30:12, 1016.3, 7.36, 6.09, 50.5, 6.62, 149.7, 41.7, 62.9, 0.0, 23960, 1.000, 0, 20.05, 28.280, 51.20
2019-07-26 12:30:22, 1016.4, 7.37, 6.10, 50.6, 6.61, 150.0, 41.7, 62.9, 0.0, 23954, 1.000, 0, 20.07, 28.305, 51.20
2019-07-26 12:30:32, 1016.3, 7.37, 6.12, 50.7, 6.61, 149.6, 41.7, 62.9, 0.0, 23955, 1.000, 0, 20.04, 28.268, 51.20
2019-07-26 12:30:42, 1016.3, 7.41, 6.11, 50.7, 6.60, 150.1, 41.7, 62.9, 0.0, 23956, 1.000, 0, 20.06, 28.300, 51.20
2019-07-26 12:30:52, 1016.4, 7.41, 6.11, 50.7, 6.59, 150.1, 41.8, 62.9, 0.0, 23951, 1.000, 0, 20.07, 28.309, 51.20
2019-07-26 12:31:02, 1016.4, 7.41, 6.12, 50.8, 6.60, 150.0, 41.8, 62.9, 0.0, 23944, 1.000, 0, 20.06, 28.290, 51.30
2019-07-26 12:31:12, 1016.3, 7.99, 6.15, 51.1, 6.61, 148.9, 41.8, 62.9, 0.0, 23921, 1.000, 0, 17.34, 24.429, 51.30
2019-07-26 12:31:22, 1016.3, 9.92, 6.17, 53.1, 6.54, 151.0, 44.1, 63.7, 0.0, 22679, 1.000, 0, 14.86, 20.898, 51.30
2019-07-26 12:31:32, 1016.3, 10.12, 5.65, 50.1, 6.51, 152.3, 44.4, 61.9, 0.0, 22512, 1.000, 0, 15.23, 21.431, 51.30
2019-07-26 12:31:42, 1016.3, 10.29, 5.55, 49.3, 6.54, 151.4, 44.4, 62.0, 0.0, 22504, 1.000, 0, 14.99, 21.085, 51.30
2019-07-26 12:31:52, 1016.4, 10.45, 5.50, 48.9, 6.55, 150.7, 44.5, 61.8, 0.0, 22479, 1.000, 0, 15.02, 21.120, 51.30
2019-07-26 12:32:02, 1016.3, 10.59, 5.41, 48.4, 6.57, 150.3, 44.6, 61.7, 0.0, 22403, 1.000, 0, 15.08, 21.215, 51.30
2019-07-26 12:32:12, 1016.4, 10.64, 5.36, 48.0, 6.55, 151.2, 44.6, 61.5, 0.0, 22404, 1.000, 0, 14.95, 21.029, 51.30
2019-07-26 12:32:22, 1016.4, 10.69, 5.31, 47.6, 6.55, 151.5, 44.7, 61.6, 0.0, 22355, 1.000, 0, 15.05, 21.170, 51.30
2019-07-26 12:32:32, 1016.4, 10.73, 5.28, 47.4, 6.56, 151.4, 44.8, 61.7, 0.0, 22331, 1.000, 0, 15.07, 21.200, 51.30
2019-07-26 12:32:42, 1016.3, 10.73, 5.26, 47.2, 6.57, 151.0, 44.7, 61.5, 0.0, 22348, 1.000, 0, 15.06, 21.183, 51.30
2019-07-26 12:32:52, 1016.4, 12.95, 5.27, 47.9, 6.51, 150.1, 46.4, 62.8, 0.0, 21556, 1.000, 0, 11.44, 16.034, 51.30
2019-07-26 12:33:02, 1016.4, 13.37, 4.03, 38.4, 6.53, 149.5, 48.5, 62.5, 0.0, 20598, 0.999, 0, 10.52, 14.729, 51.30
2019-07-26 12:33:12, 1016.4, 13.76, 3.64, 34.9, 6.53, 148.8, 48.9, 62.5, 0.0, 20469, 0.999, 0, 9.94, 13.900, 51.30
2019-07-26 12:33:22, 1016.3, 13.79, 3.53, 34.1, 6.54, 148.3, 48.9, 62.1, 0.0, 20458, 0.999, 0, 10.11, 14.142, 51.30
2019-07-26 12:33:32, 1016.3, 13.88, 3.50, 33.8, 6.54, 148.2, 48.9, 62.1, 0.0, 20442, 0.999, 0, 10.15, 14.196, 51.30
2019-07-26 12:33:42, 1016.4, 13.90, 3.50, 33.8, 6.54, 148.7, 48.8, 62.0, 0.0, 20496, 0.999, 0, 10.19, 14.256, 51.30
2019-07-26 12:33:52, 1016.3, 13.99, 3.49, 33.7, 6.54, 148.8, 48.9, 62.0, 0.0, 20435, 0.999, 0, 10.18, 14.239, 51.30
2019-07-26 12:34:02, 1016.3, 14.04, 3.47, 33.6, 6.55, 148.3, 49.0, 62.0, 0.0, 20412, 0.999, 0, 10.17, 14.225, 51.30
2019-07-26 12:34:12, 1016.4, 14.13, 3.48, 33.7, 6.53, 149.1, 49.1, 62.0, 0.0, 20386, 0.999, 0, 10.15, 14.199, 51.30
2019-07-26 12:34:22, 1016.4, 14.17, 3.48, 33.7, 6.53, 149.8, 49.0, 61.9, 0.0, 20399, 0.999, 0, 10.18, 14.235, 51.30
2019-07-26 12:34:32, 1016.4, 14.22, 3.47, 33.7, 6.53, 149.8, 49.1, 61.9, 0.0, 20382, 0.999, 0, 10.21, 14.282, 51.30
2019-07-26 12:34:42, 1016.3, 14.27, 3.46, 33.7, 6.51, 150.7, 49.1, 61.8, 0.0, 20375, 0.999, 0, 10.18, 14.241, 51.20
2019-07-26 12:34:52, 1016.4, 14.30, 3.45, 33.6, 6.53, 150.0, 49.0, 61.7, 0.0, 20399, 0.999, 0, 10.17, 14.222, 51.20
2019-07-26 12:35:02, 1016.3, 14.32, 3.44, 33.5, 6.52, 152.1, 49.0, 61.6, 0.0, 20389, 0.999, 0, 10.17, 14.234, 51.20
2019-07-26 12:35:12, 1016.3, 16.72, 3.50, 34.8, 6.49, 150.3, 51.3, 63.1, 0.0, 19494, 0.999, 0, 6.62, 9.184, 51.20
2019-07-26 12:35:22, 1016.4, 20.30, 3.66, 38.5, 6.40, 154.2, 56.2, 64.9, 0.0, 17794, 0.999, 0, 4.69, 6.428, 51.20
2019-07-26 12:35:32, 1016.4, 20.42, 4.21, 47.0, 6.39, 158.3, 58.8, 63.7, 0.0, 17000, 0.998, 0, 5.37, 7.396, 51.20
2019-07-26 12:35:42, 1016.3, 20.22, 4.37, 48.2, 6.42, 158.0, 58.1, 63.9, 0.0, 17198, 0.998, 0, 5.56, 7.670, 51.20
2019-07-26 12:35:52, 1016.4, 20.30, 4.34, 47.8, 6.44, 158.1, 58.0, 63.8, 0.0, 17252, 0.998, 0, 5.47, 7.536, 51.20
2019-07-26 12:36:02, 1016.4, 20.30, 4.21, 46.5, 6.47, 157.6, 57.9, 63.5, 0.0, 17263, 0.998, 0, 5.62, 7.749, 51.20
2019-07-26 12:36:12, 1016.3, 21.10, 4.15, 45.8, 6.43, 159.7, 57.8, 63.5, 0.0, 17291, 0.998, 0, 4.53, 6.202, 51.10
2019-07-26 12:36:22, 1016.3, 21.24, 4.45, 50.3, 6.43, 161.4, 59.1, 63.3, 0.0, 16924, 0.998, 0, 5.07, 6.978, 51.10
2019-07-26 12:36:32, 1016.3, 21.11, 4.54, 51.0, 6.48, 159.7, 58.7, 63.3, 0.0, 17040, 0.998, 0, 5.45, 7.520, 51.10
2019-07-26 12:36:42, 1016.4, 21.19, 4.52, 50.6, 6.47, 161.1, 58.6, 63.3, 0.0, 17062, 0.998, 0, 5.40, 7.448, 51.10
2019-07-26 12:36:52, 1016.4, 22.36, 4.60, 51.6, 6.44, 162.3, 58.8, 63.3, 0.0, 17013, 0.998, 0, 4.62, 6.340, 51.00
2019-07-26 12:37:02, 1016.4, 22.64, 5.21, 60.1, 6.44, 163.4, 60.5, 63.4, 0.0, 16530, 0.998, 0, 4.73, 6.495, 51.00
2019-07-26 12:37:12, 1016.4, 24.33, 5.65, 65.3, 6.42, 163.5, 60.2, 63.0, 0.0, 16616, 0.998, 0, 2.57, 3.421, 51.00
2019-07-26 12:37:22, 1016.3, 25.08, 7.94, 95.3, 6.48, 163.0, 64.1, 64.5, 0.0, 15591, 0.997, 0, 0.12, -0.073, 51.00
2019-07-26 12:37:32, 1016.3, 24.96, 8.31, 100.6, 6.49, 165.5, 64.4, 64.2, 0.0, 15527, 0.997, 0, 1.20, 1.468, 51.00
2019-07-26 12:37:42, 1016.4, 25.13, 8.43, 101.8, 6.52, 164.8, 64.3, 64.2, 0.0, 15555, 0.997, 0, 1.08, 1.298, 51.00
2019-07-26 12:38:02, 1016.4, 25.25, 8.44, 102.3, 6.55, 165.5, 64.3, 64.0, 0.0, 15560, 0.997, 0, 1.11, 1.339, 51.00
2019-07-26 12:38:12, 1016.4, 25.33, 8.42, 102.1, 6.56, 165.2, 64.2, 63.9, 0.0, 15573, 0.997, 0, 1.29, 1.598, 51.00
2019-07-26 12:38:22, 1016.4, 25.33, 8.43, 102.3, 6.57, 165.7, 64.3, 63.9, 0.0, 15558, 0.997, 0, 1.32, 1.633, 51.00
2019-07-26 12:38:32, 1016.4, 25.42, 8.41, 102.2, 6.58, 165.7, 64.2, 63.8, 0.0, 15565, 0.997, 0, 1.26, 1.560, 51.00
2019-07-26 12:38:42, 1016.4, 25.43, 8.42, 102.3, 6.58, 166.1, 64.3, 63.8, 0.0, 15551, 0.997, 0, 1.26, 1.560, 51.00
2019-07-26 12:38:52, 1016.4, 25.51, 8.41, 102.3, 6.59, 167.0, 64.4, 63.8, 0.0, 15537, 0.997, 0, 1.23, 1.511, 50.90
2019-07-26 12:39:02, 1016.3, 25.52, 8.40, 102.3, 6.60, 165.9, 64.4, 63.8, 0.0, 15527, 0.997, 0, 1.34, 1.664, 50.90
2019-07-26 12:39:12, 1016.4, 25.55, 8.40, 102.4, 6.61, 166.3, 64.4, 63.8, 0.0, 15519, 0.997, 0, 1.19, 1.461, 50.90

