"Year","MIDAS","Lake..Town","Ice.In..init.","Ice.In..final.","Ice.Out","F.Name","L.Name","Cert..","Comments"
1874,3796,"Sabattus Pond, Greene","","","5/9/1874","Johnny","Coburn","",""
1875,3796,"Sabattus Pond, Greene","","","5/2/1875","Johnny","Coburn","",""
1879,3796,"Sabattus Pond, Greene","","","5/1/1879","Johnny","Coburn","",""
1887,3796,"Sabattus Pond, Greene","","","5/7/1887","Johnny","Coburn","",""
1893,3796,"Sabattus Pond, Greene","","","5/2/1893","Johnny","Coburn","",""
1910,3796,"Sabattus Pond, Greene","","","03/29/1910","Johnny","Coburn","",""
1912,3796,"Sabattus Pond, Greene","","","03/31/1912","Johnny","Coburn","",""
1921,3796,"Sabattus Pond, Greene","","","03/28/1921","Johnny","Coburn","",""
1928,3796,"Sabattus Pond, Greene","","","04/28/1928","Johnny","Coburn","",""
1930,3796,"Sabattus Pond, Greene","","","04/12/1930","Johnny","Coburn","",""
1932,3796,"Sabattus Pond, Greene","","","04/16/1932","Johnny","Coburn","",""
1933,3796,"Sabattus Pond, Greene","","","04/17/1933","Johnny","Coburn","",""
1934,3796,"Sabattus Pond, Greene","","","04/20/1934","Johnny","Coburn","",""
1935,3796,"Sabattus Pond, Greene","","","04/23/1935","Johnny","Coburn","",""
1936,3796,"Sabattus Pond, Greene","","","04/11/1936","Johnny","Coburn","",""
1937,3796,"Sabattus Pond, Greene","","","04/22/1937","Johnny","Coburn","",""
1938,3796,"Sabattus Pond, Greene","","","04/16/1938","Johnny","Coburn","",""
1939,3796,"Sabattus Pond, Greene","","","05/04/1939","Johnny","Coburn","",""
1940,3796,"Sabattus Pond, Greene","","","05/01/1940","Johnny","Coburn","",""
1941,3796,"Sabattus Pond, Greene","","","04/12/1941","Johnny","Coburn","",""
1942,3796,"Sabattus Pond, Greene","","","04/10/1942","Johnny","Coburn","",""
1943,3796,"Sabattus Pond, Greene","","","04/22/1943","Johnny","Coburn","",""
1944,3796,"Sabattus Pond, Greene","","","04/28/1944","Johnny","Coburn","",""
1945,3796,"Sabattus Pond, Greene","","","04/03/1945","Johnny","Coburn","",""
1946,3796,"Sabattus Pond, Greene","","","04/09/1946","Johnny","Coburn","",""
1947,3796,"Sabattus Pond, Greene","","","04/13/1947","Johnny","Coburn","",""
1948,3796,"Sabattus Pond, Greene","","","04/04/1948","Johnny","Coburn","",""
1949,3796,"Sabattus Pond, Greene","","","04/07/1949","Johnny","Coburn","",""
1951,3796,"Sabattus Pond, Greene","","","04/04/1951","Johnny","Coburn","",""
1952,3796,"Sabattus Pond, Greene","","","04/20/1952","Johnny","Coburn","",""
1953,3796,"Sabattus Pond, Greene","","","05/25/1953","Johnny","Coburn","",""
1954,3796,"Sabattus Pond, Greene","","","04/13/1954","Johnny","Coburn","",""
1956,3796,"Sabattus Pond, Greene","","","04/25/1956","Johnny","Coburn","",""
1957,3796,"Sabattus Pond, Greene","","","04/10/1957","Johnny","Coburn","",""
1958,3796,"Sabattus Pond, Greene","","","04/16/1958","Johnny","Coburn","",""
1959,3796,"Sabattus Pond, Greene","","","04/21/1959","Johnny","Coburn","",""
1960,3796,"Sabattus Pond, Greene","","","04/20/1960","Johnny","Coburn","",""
1961,3796,"Sabattus Pond, Greene","","","04/30/1961","Johnny","Coburn","",""
1962,3796,"Sabattus Pond, Greene","","","04/18/1962","Johnny","Coburn","",""
1963,3796,"Sabattus Pond, Greene","","","04/20/1963","Johnny","Coburn","",""
1964,3796,"Sabattus Pond, Greene","","","04/20/1964","Johnny","Coburn","",""
1965,3796,"Sabattus Pond, Greene","","","04/17/1965","Johnny","Coburn","",""
1966,3796,"Sabattus Pond, Greene","","","04/19/1966","Johnny","Coburn","",""
1967,3796,"Sabattus Pond, Greene","","","04/28/1967","Johnny","Coburn","",""
1968,3796,"Sabattus Pond, Greene","","","04/13/1968","Johnny","Coburn","",""
1969,3796,"Sabattus Pond, Greene","","","04/22/1969","Johnny","Coburn","",""
1970,3796,"Sabattus Pond, Greene","","","04/25/1970","Johnny","Coburn","",""
1971,3796,"Sabattus Pond, Greene","","","04/29/1971","Johnny","Coburn","",""
1972,3796,"Sabattus Pond, Greene","","","05/01/1972","Johnny","Coburn","",""
1973,3796,"Sabattus Pond, Greene","","","04/11/1973","Johnny","Coburn","",""
1974,3796,"Sabattus Pond, Greene","","","03/27/1974","Johnny","Coburn","",""
1975,3796,"Sabattus Pond, Greene","","","04/23/1975","Johnny","Coburn","",""
1976,3796,"Sabattus Pond, Greene","","","04/12/1976","Johnny","Coburn","",""
1977,3796,"Sabattus Pond, Greene","","","04/15/1977","Johnny","Coburn","",""
1978,3796,"Sabattus Pond, Greene","","","04/15/1978","Johnny","Coburn","",""
1979,3796,"Sabattus Pond, Greene","","","04/14/1979","Johnny","Coburn","",""
1980,3796,"Sabattus Pond, Greene","","","04/06/1980","Johnny","Coburn","",""
1981,3796,"Sabattus Pond, Greene","","","03/14/1981","Johnny","Coburn","","Ice went out February 27, then refroze"
1982,3796,"Sabattus Pond, Greene","","","04/29/1982","Johnny","Coburn","",""
1983,3796,"Sabattus Pond, Greene","","","03/24/1983","Johnny","Coburn","",""
1984,3796,"Sabattus Pond, Greene","","","04/20/1984","Johnny","Coburn","",""
1985,3796,"Sabattus Pond, Greene","","","04/30/1985","Johnny","Coburn","",""
1986,3796,"Sabattus Pond, Greene","","","04/05/1986","Johnny","Coburn","",""
1987,3796,"Sabattus Pond, Greene","","","04/06/1987","Johnny","Coburn","",""
1988,3796,"Sabattus Pond, Greene","","","04/05/1988","Johnny","Coburn","",""
1989,3796,"Sabattus Pond, Greene","","","04/17/1989","Johnny","Coburn","",""
1990,3796,"Sabattus Pond, Greene","","","04/06/1990","Johnny","Coburn","",""
1991,3796,"Sabattus Pond, Greene","","","04/29/1991","Johnny","Coburn","",""
1992,3796,"Sabattus Pond, Greene","","","04/05/1992","Johnny","Coburn","",""
1993,3796,"Sabattus Pond, Greene","","","04/19/1993","Johnny","Coburn","",""
1994,3796,"Sabattus Pond, Greene","","","04/19/1994","Johnny","Coburn","",""
1995,3796,"Sabattus Pond, Greene","","","04/04/1995","Johnny","Coburn","",""
1996,3796,"Sabattus Pond, Greene","","","04/10/1996","Johnny","Coburn","",""
1997,3796,"Sabattus Pond, Greene","","","04/19/1997","Johnny","Coburn","",""
1998,3796,"Sabattus Pond, Greene","","","04/05/1998","Johnny","Coburn","",""
1999,3796,"Sabattus Pond, Greene","","","04/02/1999","Johnny","Coburn","",""
2000,3796,"Sabattus Pond, Greene","","","03/29/2000","Johnny","Coburn","",""
2001,3796,"Sabattus Pond, Greene","","","04/28/2001","Johnny","Coburn","",""
2002,3796,"Sabattus Pond, Greene","","","03/28/2002","Johnny","Coburn","",""
2003,3796,"Sabattus Pond, Greene","","","04/21/2003","Johnny","Coburn","",""
2004,3796,"Sabattus Pond, Greene","","","04/14/2004","Johnny","Coburn","",""
2005,3796,"Sabattus Pond, Greene","","","04/16/2005","Johnny","Coburn","",""
2005,3796,"Sabattus Pond, Greene","","","04/17/2005","","Maine Lake Charts Inc.","",""
2006,3796,"Sabattus Pond, Greene","","","03/23/2006","Johnny","Coburn","",""
2006,3796,"Sabattus Pond, Greene","","","03/27/2006","","Maine Lake Charts Inc.","",""
2007,3796,"Sabattus Pond, Greene","","","04/22/2007","Johnny","Coburn","",""
2007,3796,"Sabattus Pond, Greene","","","04/23/2007","","Maine Lake Charts Inc.","",""
2008,3796,"Sabattus Pond, Greene","","","04/20/2008","","Maine Lake Charts Inc.","",""
2008,3796,"Sabattus Pond, Greene","","","04/21/2008","Johnny","Coburn","",""
2008,3796,"Sabattus Pond, Greene","","12/02/2007","04/21/2008","Dan","Guerette","GU-0268",""
2009,3796,"Sabattus Pond, Greene","","11/27/2008","04/11/2009","Dan","Guerette","GU-0268",""
2009,3796,"Sabattus Pond, Greene","","","04/11/2009","","Maine Lake Charts Inc.","",""
2010,3796,"Sabattus Pond, Greene","","","03/17/2010","Peter","Clark","CL-0965",""
2010,3796,"Sabattus Pond, Greene","","","03/17/2010","Dan","Guerette","GU-0268",""
2011,3796,"Sabattus Pond, Greene","","","04/17/2011","Dan","Guerette","GU-0268",""
2012,3796,"Sabattus Pond, Greene","","","03/22/2012","Dan","Guerette","GU-0268",""
2014,3796,"Sabattus Pond, Greene","","","04/19/2014","Dan","Guerette","GU-0268",""
2015,3796,"Sabattus Pond, Greene","","11/29/2014","04/20/2015","Dan ","Guerette","GU-0268",""
2016,3796,"Sabattus Pond, Greene","","12/28/2015","03/16/2016","Dan","Guerette","GU-0268",""
2017,3796,"Sabattus Pond, Greene","","12/11/2016","04/17/2017","Dan","Guerette","GU-0268",""
2018,3796,"Sabattus Pond, Greene ","12/03/2017","12/14/2017","04/21/2018","Dan","Guerette","GU-0268",""
