"Year","MIDAS","Lake..Town","Ice.In..init.","Ice.In..final.","Ice.Out","F.Name","L.Name","Cert..","Comments"
1884,70,"Wesserunsett Lake, Madison","","","4/28/1884","Fred","Hayden ","",""
1884,70,"Wesserunsett Lake, Madison","","","4/28/1884","Will","Reid","RE-0230",""
1884,70,"Wesserunsett Lake, Madison","","","4/28/1884","Will","Reid","RE-0230",""
1885,70,"Wesserunsett Lake, Madison","","","4/28/1885","Fred","Hayden ","",""
1886,70,"Wesserunsett Lake, Madison","","","4/24/1886","Fred","Hayden ","",""
1886,70,"Wesserunsett Lake, Madison","","","4/24/1886","Will","Reid","RE-0230",""
1887,70,"Wesserunsett Lake, Madison","","","5/4/1887","Fred","Hayden ","",""
1887,70,"Wesserunsett Lake, Madison","","","5/4/1887","Will","Reid","RE-0230",""
1888,70,"Wesserunsett Lake, Madison","","","5/10/1888","Fred","Hayden ","",""
1888,70,"Wesserunsett Lake, Madison","","","5/10/1888","Will","Reid","RE-0230",""
1889,70,"Wesserunsett Lake, Madison","","","4/18/1889","Fred","Hayden ","",""
1889,70,"Wesserunsett Lake, Madison","","","4/18/1889","Will","Reid","RE-0230",""
1890,70,"Wesserunsett Lake, Madison","","","4/28/1890","Fred","Hayden ","",""
1890,70,"Wesserunsett Lake, Madison","","","4/28/1890","Will","Reid","RE-0230",""
1891,70,"Wesserunsett Lake, Madison","","","5/1/1891","Fred","Hayden ","",""
1891,70,"Wesserunsett Lake, Madison","","","5/1/1891","Will","Reid","RE-0230",""
1892,70,"Wesserunsett Lake, Madison","","","4/21/1892","Fred","Hayden ","",""
1892,70,"Wesserunsett Lake, Madison","","","4/21/1892","Will","Reid","RE-0230",""
1893,70,"Wesserunsett Lake, Madison","","","5/5/1893","Fred","Hayden ","",""
1893,70,"Wesserunsett Lake, Madison","","","5/5/1893","Will","Reid","RE-0230",""
1894,70,"Wesserunsett Lake, Madison","","","4/25/1894","Fred","Hayden ","",""
1894,70,"Wesserunsett Lake, Madison","","","4/25/1894","Will","Reid","RE-0230",""
1895,70,"Wesserunsett Lake, Madison","","","4/22/1895","Fred","Hayden ","",""
1895,70,"Wesserunsett Lake, Madison","","","4/22/1895","Will","Reid","RE-0230",""
1896,70,"Wesserunsett Lake, Madison","","","4/27/1896","Fred","Hayden ","",""
1896,70,"Wesserunsett Lake, Madison","","","4/27/1896","Will","Reid","RE-0230",""
1897,70,"Wesserunsett Lake, Madison","","","4/28/1897","Fred","Hayden ","",""
1897,70,"Wesserunsett Lake, Madison","","","4/28/1897","Will","Reid","RE-0230",""
1898,70,"Wesserunsett Lake, Madison","","","4/20/1898","Fred","Hayden ","",""
1898,70,"Wesserunsett Lake, Madison","","","4/20/1898","Will","Reid","RE-0230",""
1899,70,"Wesserunsett Lake, Madison","","","4/28/1899","Fred","Hayden ","",""
1899,70,"Wesserunsett Lake, Madison","","","4/28/1899","Will","Reid","RE-0230",""
1900,70,"Wesserunsett Lake, Madison","","","04/29/1900","Fred","Hayden ","",""
1900,70,"Wesserunsett Lake, Madison","","","04/29/1900","Will","Reid","RE-0230",""
1901,70,"Wesserunsett Lake, Madison","","","04/25/1901","Fred","Hayden ","",""
1901,70,"Wesserunsett Lake, Madison","","","04/25/1901","Will","Reid","RE-0230",""
1902,70,"Wesserunsett Lake, Madison","","","04/09/1902","Fred","Hayden ","",""
1902,70,"Wesserunsett Lake, Madison","","","04/09/1902","Will","Reid","RE-0230",""
1903,70,"Wesserunsett Lake, Madison","","","04/10/1903","Fred","Hayden ","",""
1903,70,"Wesserunsett Lake, Madison","","","04/10/1903","Will","Reid","RE-0230",""
1904,70,"Wesserunsett Lake, Madison","","","05/02/1904","Fred","Hayden ","",""
1904,70,"Wesserunsett Lake, Madison","","","05/02/1904","Will","Reid","RE-0230",""
1905,70,"Wesserunsett Lake, Madison","","","04/20/1905","Fred","Hayden ","",""
1905,70,"Wesserunsett Lake, Madison","","","04/20/1905","Will","Reid","RE-0230",""
1906,70,"Wesserunsett Lake, Madison","","","05/01/1906","Fred","Hayden ","",""
1906,70,"Wesserunsett Lake, Madison","","","05/01/1906","Will","Reid","RE-0230",""
1907,70,"Wesserunsett Lake, Madison","","","05/01/1907","Fred","Hayden ","",""
1907,70,"Wesserunsett Lake, Madison","","","05/01/1907","Will","Reid","RE-0230",""
1908,70,"Wesserunsett Lake, Madison","","","04/28/1908","Fred","Hayden ","",""
1908,70,"Wesserunsett Lake, Madison","","","04/28/1908","Will","Reid","RE-0230",""
1909,70,"Wesserunsett Lake, Madison","","","04/27/1909","Fred","Hayden ","",""
1909,70,"Wesserunsett Lake, Madison","","","04/27/1909","Will","Reid","RE-0230",""
1910,70,"Wesserunsett Lake, Madison","","","04/10/1910","Fred","Hayden ","",""
1910,70,"Wesserunsett Lake, Madison","","","04/10/1910","Will","Reid","RE-0230",""
1911,70,"Wesserunsett Lake, Madison","","","04/21/1911","Fred","Hayden ","",""
1911,70,"Wesserunsett Lake, Madison","","","04/21/1911","Will","Reid","RE-0230",""
1912,70,"Wesserunsett Lake, Madison","","","04/23/1912","Fred","Hayden ","",""
1912,70,"Wesserunsett Lake, Madison","","","04/23/1912","Will","Reid","RE-0230",""
1913,70,"Wesserunsett Lake, Madison","","","04/25/1913","Fred","Hayden ","",""
1913,70,"Wesserunsett Lake, Madison","","","04/25/1913","Will","Reid","RE-0230",""
1914,70,"Wesserunsett Lake, Madison","","","05/01/1914","Fred","Hayden ","",""
1914,70,"Wesserunsett Lake, Madison","","","05/01/1914","Will","Reid","RE-0230",""
1915,70,"Wesserunsett Lake, Madison","","","04/15/1915","Fred","Hayden ","",""
1915,70,"Wesserunsett Lake, Madison","","","04/15/1915","Will","Reid","RE-0230",""
1916,70,"Wesserunsett Lake, Madison","","","04/23/1916","Fred","Hayden ","",""
1916,70,"Wesserunsett Lake, Madison","","","04/23/1916","Will","Reid","RE-0230",""
1917,70,"Wesserunsett Lake, Madison","","","04/30/1917","Fred","Hayden ","",""
1917,70,"Wesserunsett Lake, Madison","","","04/30/1917","Will","Reid","RE-0230",""
1918,70,"Wesserunsett Lake, Madison","","","04/24/1918","Fred","Hayden ","",""
1918,70,"Wesserunsett Lake, Madison","","","04/24/1918","Will","Reid","RE-0230",""
1919,70,"Wesserunsett Lake, Madison","","","04/20/1919","Fred","Hayden ","",""
1919,70,"Wesserunsett Lake, Madison","","","04/20/1919","Will","Reid","RE-0230",""
1920,70,"Wesserunsett Lake, Madison","","","04/25/1920","Fred","Hayden ","",""
1920,70,"Wesserunsett Lake, Madison","","","04/25/1920","Will","Reid","RE-0230",""
1921,70,"Wesserunsett Lake, Madison","","","04/13/1921","Fred","Hayden ","",""
1921,70,"Wesserunsett Lake, Madison","","","04/13/1921","Will","Reid","RE-0230",""
1922,70,"Wesserunsett Lake, Madison","","","04/17/1922","Fred","Hayden ","",""
1922,70,"Wesserunsett Lake, Madison","","","04/17/1922","Will","Reid","RE-0230",""
1923,70,"Wesserunsett Lake, Madison","","","04/28/1923","Fred","Hayden ","",""
1923,70,"Wesserunsett Lake, Madison","","","04/28/1923","Will","Reid","RE-0230",""
1924,70,"Wesserunsett Lake, Madison","","","04/23/1924","Fred","Hayden ","",""
1924,70,"Wesserunsett Lake, Madison","","","04/23/1924","Will","Reid","RE-0230",""
1925,70,"Wesserunsett Lake, Madison","","","04/09/1925","Fred","Hayden ","",""
1925,70,"Wesserunsett Lake, Madison","","","04/09/1925","Will","Reid","RE-0230",""
1926,70,"Wesserunsett Lake, Madison","","","05/04/1926","Fred","Hayden ","",""
1926,70,"Wesserunsett Lake, Madison","","","05/04/1926","Will","Reid","RE-0230",""
1927,70,"Wesserunsett Lake, Madison","","","04/19/1927","Fred","Hayden ","",""
1927,70,"Wesserunsett Lake, Madison","","","04/19/1927","Will","Reid","RE-0230",""
1928,70,"Wesserunsett Lake, Madison","","","05/02/1928","Fred","Hayden ","",""
1928,70,"Wesserunsett Lake, Madison","","","05/02/1928","Will","Reid","RE-0230",""
1929,70,"Wesserunsett Lake, Madison","","","04/28/1929","Fred","Hayden ","",""
1929,70,"Wesserunsett Lake, Madison","","","04/28/1929","Will","Reid","RE-0230",""
1930,70,"Wesserunsett Lake, Madison","","","04/16/1930","Fred","Hayden ","",""
1930,70,"Wesserunsett Lake, Madison","","","04/16/1930","Will","Reid","RE-0230",""
1931,70,"Wesserunsett Lake, Madison","","","04/12/1931","Will","Reid","RE-0230",""
1931,70,"Wesserunsett Lake, Madison","","","04/21/1931","Fred","Hayden ","",""
1932,70,"Wesserunsett Lake, Madison","","","04/22/1932","Fred","Hayden ","",""
1932,70,"Wesserunsett Lake, Madison","","","04/22/1932","Will","Reid","RE-0230",""
1933,70,"Wesserunsett Lake, Madison","","","04/25/1933","Fred","Hayden ","",""
1933,70,"Wesserunsett Lake, Madison","","","04/25/1933","Will","Reid","RE-0230",""
1934,70,"Wesserunsett Lake, Madison","","","04/29/1934","Fred","Hayden ","",""
1934,70,"Wesserunsett Lake, Madison","","","04/29/1934","Will","Reid","RE-0230",""
1935,70,"Wesserunsett Lake, Madison","","","04/28/1935","Fred","Hayden ","",""
1935,70,"Wesserunsett Lake, Madison","","","04/28/1935","Will","Reid","RE-0230",""
1936,70,"Wesserunsett Lake, Madison","","","04/13/1936","Fred","Hayden ","",""
1936,70,"Wesserunsett Lake, Madison","","","04/13/1936","Will","Reid","RE-0230",""
1938,70,"Wesserunsett Lake, Madison","","","04/21/1938","Fred","Hayden ","",""
1938,70,"Wesserunsett Lake, Madison","","","04/21/1938","Will","Reid","RE-0230",""
1939,70,"Wesserunsett Lake, Madison","","","05/08/1939","Fred","Hayden ","",""
1939,70,"Wesserunsett Lake, Madison","","","05/08/1939","Will","Reid","RE-0230",""
1941,70,"Wesserunsett Lake, Madison","","","04/16/1941","Fred","Hayden ","",""
1941,70,"Wesserunsett Lake, Madison","","","04/16/1941","Will","Reid","RE-0230",""
1942,70,"Wesserunsett Lake, Madison","","","04/27/1942","Fred","Hayden ","",""
1942,70,"Wesserunsett Lake, Madison","","","04/27/1942","Will","Reid","RE-0230",""
1943,70,"Wesserunsett Lake, Madison","","","04/20/1943","Fred","Hayden ","",""
1943,70,"Wesserunsett Lake, Madison","","","04/20/1943","Will","Reid","RE-0230",""
1944,70,"Wesserunsett Lake, Madison","","","04/09/1944","Fred","Hayden ","",""
1944,70,"Wesserunsett Lake, Madison","","","04/09/1944","Will","Reid","RE-0230",""
1945,70,"Wesserunsett Lake, Madison","","","04/14/1945","Fred","Hayden ","",""
1945,70,"Wesserunsett Lake, Madison","","","04/14/1945","Will","Reid","RE-0230",""
1946,70,"Wesserunsett Lake, Madison","","","04/23/1946","Fred","Hayden ","",""
1946,70,"Wesserunsett Lake, Madison","","","04/23/1946","Will","Reid","RE-0230",""
1947,70,"Wesserunsett Lake, Madison","","","04/14/1947","Fred","Hayden ","",""
1947,70,"Wesserunsett Lake, Madison","","","04/14/1947","Will","Reid","RE-0230",""
1948,70,"Wesserunsett Lake, Madison","","","04/12/1948","Fred","Hayden ","",""
1948,70,"Wesserunsett Lake, Madison","","","04/12/1948","Will","Reid","RE-0230",""
1949,70,"Wesserunsett Lake, Madison","","","04/27/1949","Fred","Hayden ","",""
1949,70,"Wesserunsett Lake, Madison","","","04/27/1949","Will","Reid","RE-0230",""
1950,70,"Wesserunsett Lake, Madison","","","04/13/1950","Fred","Hayden ","",""
1950,70,"Wesserunsett Lake, Madison","","","04/13/1950","Will","Reid","RE-0230",""
1951,70,"Wesserunsett Lake, Madison","","","04/22/1951","Fred","Hayden ","",""
1951,70,"Wesserunsett Lake, Madison","","","04/22/1951","Will","Reid","RE-0230",""
1952,70,"Wesserunsett Lake, Madison","","","04/10/1952","Fred","Hayden ","",""
1952,70,"Wesserunsett Lake, Madison","","","04/10/1952","Will","Reid","RE-0230",""
1953,70,"Wesserunsett Lake, Madison","","","04/10/1953","Fred","Hayden ","",""
1953,70,"Wesserunsett Lake, Madison","","","04/10/1953","Will","Reid","RE-0230",""
1955,70,"Wesserunsett Lake, Madison","","","04/22/1955","","Laney/Reid","",""
1955,70,"Wesserunsett Lake, Madison","","","04/22/1955","Will","Reid","RE-0230","Reid Data"
1955,70,"Wesserunsett Lake, Madison","","","04/25/1955","Fred","Hayden ","",""
1955,70,"Wesserunsett Lake, Madison","","","04/25/1955","Will","Reid","RE-0230","Hayden Data"
1956,70,"Wesserunsett Lake, Madison","","","04/30/1956","Fred ","Hayden ","",""
1956,70,"Wesserunsett Lake, Madison","","","04/30/1956","","Laney/Reid","",""
1956,70,"Wesserunsett Lake, Madison","","","04/30/1956","Will","Reid","RE-0230",""
1957,70,"Wesserunsett Lake, Madison","","","04/21/1957","Will","Reid","RE-0230",""
1958,70,"Wesserunsett Lake, Madison","","","04/21/1958","Fred","Hayden ","",""
1958,70,"Wesserunsett Lake, Madison","","","04/21/1958","Will","Reid","RE-0230",""
1959,70,"Wesserunsett Lake, Madison","","","04/25/1959","Fred","Hayden ","",""
1959,70,"Wesserunsett Lake, Madison","","","04/25/1959","Will","Reid","RE-0230",""
1960,70,"Wesserunsett Lake, Madison","","","04/25/1960","Fred","Hayden ","",""
1960,70,"Wesserunsett Lake, Madison","","","04/25/1960","Will","Reid","RE-0230",""
1961,70,"Wesserunsett Lake, Madison","","","05/02/1961","","Laney/Reid","",""
1961,70,"Wesserunsett Lake, Madison","","","05/02/1961","Will","Reid","RE-0230","Reid Data"
1961,70,"Wesserunsett Lake, Madison","","","05/03/1961","Fred","Hayden ","",""
1961,70,"Wesserunsett Lake, Madison","","","05/03/1961","Will","Reid","RE-0230","Hayden Data"
1962,70,"Wesserunsett Lake, Madison","","","04/23/1962","Fred","Hayden ","",""
1962,70,"Wesserunsett Lake, Madison","","","04/23/1962","Will","Reid","RE-0230","Hayden Data"
1962,70,"Wesserunsett Lake, Madison","","","04/24/1962","","Laney/Reid","",""
1962,70,"Wesserunsett Lake, Madison","","","04/24/1962","Will","Reid","RE-0230","Reid Data"
1963,70,"Wesserunsett Lake, Madison","","","04/22/1963","Fred","Hayden ","",""
1963,70,"Wesserunsett Lake, Madison","","","04/22/1963","","Laney/Reid","",""
1963,70,"Wesserunsett Lake, Madison","","","04/22/1963","Will","Reid","RE-0230",""
1964,70,"Wesserunsett Lake, Madison","","","04/27/1964","Fred","Hayden ","",""
1964,70,"Wesserunsett Lake, Madison","","","04/27/1964","Will","Reid","RE-0230",""
1965,70,"Wesserunsett Lake, Madison","","","04/30/1965","Fred","Hayden ","",""
1965,70,"Wesserunsett Lake, Madison","","","04/30/1965","Will","Reid","RE-0230",""
1966,70,"Wesserunsett Lake, Madison","","","04/25/1966","Fred","Hayden ","",""
1966,70,"Wesserunsett Lake, Madison","","","04/25/1966","Will","Reid","RE-0230",""
1967,70,"Wesserunsett Lake, Madison","","","04/28/1967","Fred","Hayden ","",""
1967,70,"Wesserunsett Lake, Madison","","","04/28/1967","Will","Reid","RE-0230",""
1968,70,"Wesserunsett Lake, Madison","","","04/18/1968","Fred","Hayden ","",""
1968,70,"Wesserunsett Lake, Madison","","","04/18/1968","Will","Reid","RE-0230",""
1969,70,"Wesserunsett Lake, Madison","","","05/02/1969","Fred","Hayden ","",""
1969,70,"Wesserunsett Lake, Madison","","","05/02/1969","Will","Reid","RE-0230",""
1970,70,"Wesserunsett Lake, Madison","","","05/02/1970","Fred","Hayden ","",""
1970,70,"Wesserunsett Lake, Madison","","","05/02/1970","Will","Reid","RE-0230",""
1971,70,"Wesserunsett Lake, Madison","","","05/07/1971","Fred","Hayden ","",""
1971,70,"Wesserunsett Lake, Madison","","","05/07/1971","Will","Reid","RE-0230",""
1972,70,"Wesserunsett Lake, Madison","","","05/10/1972","Fred","Hayden ","",""
1972,70,"Wesserunsett Lake, Madison","","","05/10/1972","Will","Reid","RE-0230",""
1973,70,"Wesserunsett Lake, Madison","","","04/23/1973","Fred","Hayden ","",""
1973,70,"Wesserunsett Lake, Madison","","","04/23/1973","Will","Reid","RE-0230",""
1974,70,"Wesserunsett Lake, Madison","","","04/21/1974","","Laney/Reid","",""
1974,70,"Wesserunsett Lake, Madison","","","04/21/1974","Will","Reid","RE-0230","Reid Data"
1974,70,"Wesserunsett Lake, Madison","","","04/22/1974","Fred","Hayden ","",""
1974,70,"Wesserunsett Lake, Madison","","","04/22/1974","Will","Reid","RE-0230","Hayden Data"
1975,70,"Wesserunsett Lake, Madison","","","05/01/1975","Fred","Hayden ","",""
1975,70,"Wesserunsett Lake, Madison","","","05/01/1975","","Laney/Reid","",""
1975,70,"Wesserunsett Lake, Madison","","","05/01/1975","Will","Reid","RE-0230",""
1976,70,"Wesserunsett Lake, Madison","","","04/20/1976","Fred","Hayden ","",""
1976,70,"Wesserunsett Lake, Madison","","","04/20/1976","Will","Reid","RE-0230",""
1977,70,"Wesserunsett Lake, Madison","","","04/21/1977","","Laney/Reid","",""
1977,70,"Wesserunsett Lake, Madison","","","04/21/1977","Will","Reid","RE-0230",""
1978,70,"Wesserunsett Lake, Madison","","","04/30/1978","","Laney/Reid","",""
1978,70,"Wesserunsett Lake, Madison","","","04/30/1978","Will","Reid","RE-0230","Reid Data"
1978,70,"Wesserunsett Lake, Madison","","","05/01/1978","Fred","Hayden ","",""
1978,70,"Wesserunsett Lake, Madison","","","05/01/1978","Will","Reid","RE-0230","Hayden Data"
1979,70,"Wesserunsett Lake, Madison","","","04/24/1979","Fred","Hayden ","",""
1979,70,"Wesserunsett Lake, Madison","","","04/24/1979","","Laney/Reid","",""
1979,70,"Wesserunsett Lake, Madison","","","04/24/1979","Will","Reid","RE-0230",""
1980,70,"Wesserunsett Lake, Madison","","","04/12/1980","","Laney/Reid","",""
1980,70,"Wesserunsett Lake, Madison","","","04/12/1980","Will","Reid","RE-0230","Reid Data"
1980,70,"Wesserunsett Lake, Madison","","","04/13/1980","Fred","Hayden ","",""
1980,70,"Wesserunsett Lake, Madison","","","04/13/1980","Will","Reid","RE-0230","Hayden Data"
1981,70,"Wesserunsett Lake, Madison","","","03/31/1981","Fred","Hayden ","",""
1981,70,"Wesserunsett Lake, Madison","","","03/31/1981","","Laney/Reid","",""
1981,70,"Wesserunsett Lake, Madison","","","03/31/1981","Will","Reid","RE-0230",""
1982,70,"Wesserunsett Lake, Madison","","","04/27/1982","Fred","Hayden ","",""
1982,70,"Wesserunsett Lake, Madison","","","04/27/1982","Will","Reid","RE-0230",""
1983,70,"Wesserunsett Lake, Madison","","","04/07/1983","Fred","Hayden ","",""
1983,70,"Wesserunsett Lake, Madison","","","04/07/1983","","Laney/Reid","",""
1983,70,"Wesserunsett Lake, Madison","","","04/07/1983","Will","Reid","RE-0230",""
1984,70,"Wesserunsett Lake, Madison","","","04/25/1984","Fred","Hayden ","",""
1984,70,"Wesserunsett Lake, Madison","","","04/25/1984","","Laney/Reid","",""
1984,70,"Wesserunsett Lake, Madison","","","04/25/1984","Will","Reid","RE-0230",""
1985,70,"Wesserunsett Lake, Madison","","","04/22/1985","Fred","Hayden ","",""
1985,70,"Wesserunsett Lake, Madison","","","04/22/1985","","Laney/Reid","",""
1985,70,"Wesserunsett Lake, Madison","","","04/22/1985","Will","Reid","RE-0230",""
1986,70,"Wesserunsett Lake, Madison","","11/22/1985","04/16/1986","Fred","Hayden ","",""
1986,70,"Wesserunsett Lake, Madison","","","04/16/1986","Will","Reid","RE-0230","Hayden Data"
1986,70,"Wesserunsett Lake, Madison","","","04/17/1986","","Laney/Reid","",""
1986,70,"Wesserunsett Lake, Madison","","","04/17/1986","Will","Reid","RE-0230","Reid Data"
1987,70,"Wesserunsett Lake, Madison","","11/27/1986","04/12/1987","Fred","Hayden ","",""
1987,70,"Wesserunsett Lake, Madison","","","04/12/1987","","Laney/Reid","",""
1987,70,"Wesserunsett Lake, Madison","","11/22/1986","04/12/1987","Will","Reid","RE-0230",""
1988,70,"Wesserunsett Lake, Madison","","12/06/1987","04/14/1988","Fred","Hayden ","",""
1988,70,"Wesserunsett Lake, Madison","","","04/14/1988","","Laney/Reid","",""
1988,70,"Wesserunsett Lake, Madison","","11/27/1987","04/14/1988","Will","Reid","RE-0230",""
1989,70,"Wesserunsett Lake, Madison","","11/24/1988","04/28/1989","Fred","Hayden ","",""
1989,70,"Wesserunsett Lake, Madison","","","04/28/1989","","Laney/Reid","",""
1989,70,"Wesserunsett Lake, Madison","","12/06/1988","04/28/1989","Will","Reid","RE-0230",""
1990,70,"Wesserunsett Lake, Madison","","12/06/1989","04/18/1990","Fred","Hayden ","",""
1990,70,"Wesserunsett Lake, Madison","","","04/18/1990","Will","Reid","RE-0230","Hayden Data"
1990,70,"Wesserunsett Lake, Madison","","","04/20/1990","","Laney/Reid","",""
1990,70,"Wesserunsett Lake, Madison","","11/24/1989","04/20/1990","Will","Reid","RE-0230","Reid Data"
1991,70,"Wesserunsett Lake, Madison","","","04/19/1991","Fred","Hayden ","",""
1991,70,"Wesserunsett Lake, Madison","","","04/19/1991","Will","Reid","RE-0230","Hayden Data"
1991,70,"Wesserunsett Lake, Madison","","","04/20/1991","","Laney/Reid","",""
1991,70,"Wesserunsett Lake, Madison","","12/06/1990","04/21/1991","Will","Reid","RE-0230","Reid Data"
1992,70,"Wesserunsett Lake, Madison","","12/09/1991","04/25/1992","Fred","Hayden ","",""
1992,70,"Wesserunsett Lake, Madison","","","04/25/1992","Will","Reid","RE-0230","Hayden Data"
1992,70,"Wesserunsett Lake, Madison","","","04/28/1992","","Laney/Reid","",""
1992,70,"Wesserunsett Lake, Madison","","","04/28/1992","Will","Reid","RE-0230","Reid Data"
1993,70,"Wesserunsett Lake, Madison","","12/18/1992","04/26/1993","Fred","Hayden ","",""
1993,70,"Wesserunsett Lake, Madison","","","04/26/1993","","Laney/Reid","",""
1993,70,"Wesserunsett Lake, Madison","","12/09/1992","04/26/1993","Will","Reid","RE-0230",""
1994,70,"Wesserunsett Lake, Madison","","11/28/1993","04/21/1994","Fred","Hayden ","",""
1994,70,"Wesserunsett Lake, Madison","","","04/21/1994","Will","Reid","RE-0230","Hayden Data"
1994,70,"Wesserunsett Lake, Madison","","","04/28/1994","","Laney/Reid","",""
1994,70,"Wesserunsett Lake, Madison","","12/18/1993","04/28/1994","Will","Reid","RE-0230","Reid Data"
1995,70,"Wesserunsett Lake, Madison","","11/30/1994","04/17/1995","Fred","Hayden ","",""
1995,70,"Wesserunsett Lake, Madison","","","04/17/1995","","Laney/Reid","",""
1995,70,"Wesserunsett Lake, Madison","","11/28/1994","04/17/1995","Will","Reid","RE-0230",""
1996,70,"Wesserunsett Lake, Madison","","01/27/1996","04/21/1996","Fred","Hayden ","",""
1996,70,"Wesserunsett Lake, Madison","","","04/21/1996","","Laney/Reid","",""
1996,70,"Wesserunsett Lake, Madison","","11/30/1995","04/21/1996","Will","Reid","RE-0230",""
1997,70,"Wesserunsett Lake, Madison","","12/09/1996","04/27/1997","Fred","Hayden ","",""
1997,70,"Wesserunsett Lake, Madison","","","04/27/1997","Will","Reid","RE-0230","Hayden Data"
1997,70,"Wesserunsett Lake, Madison","","","04/28/1997","","Laney/Reid","",""
1997,70,"Wesserunsett Lake, Madison","","01/01/1997","04/28/1997","Will","Reid","RE-0230","Reid Data"
1998,70,"Wesserunsett Lake, Madison","","01/01/1998","04/13/1998","Fred","Hayden ","",""
1998,70,"Wesserunsett Lake, Madison","","","04/13/1998","","Laney/Reid","",""
1998,70,"Wesserunsett Lake, Madison","","12/09/1997","04/13/1998","Will","Reid","RE-0230",""
1999,70,"Wesserunsett Lake, Madison","","12/19/1998","04/12/1999","Fred","Hayden ","",""
1999,70,"Wesserunsett Lake, Madison","","","04/12/1999","Will","Reid","RE-0230","Hayden Data"
1999,70,"Wesserunsett Lake, Madison","","","04/13/1999","","Laney/Reid","",""
1999,70,"Wesserunsett Lake, Madison","","01/01/1999","04/13/1999","Will","Reid","RE-0230","Reid Data"
2000,70,"Wesserunsett Lake, Madison","","12/05/1999","04/09/2000","Fred","Hayden ","",""
2000,70,"Wesserunsett Lake, Madison","","","04/09/2000","","Laney/Reid","",""
2000,70,"Wesserunsett Lake, Madison","","12/19/1999","04/09/2000","Will","Reid","RE-0230",""
2001,70,"Wesserunsett Lake, Madison","","12/27/2000","04/28/2001","Fred","Hayden ","",""
2001,70,"Wesserunsett Lake, Madison","","","04/28/2001","","Laney/Reid","",""
2001,70,"Wesserunsett Lake, Madison","","12/05/2000","04/28/2001","Will","Reid","RE-0230",""
2002,70,"Wesserunsett Lake, Madison","","11/29/2001","04/12/2002","Fred","Hayden ","",""
2002,70,"Wesserunsett Lake, Madison","","","04/12/2002","","Laney/Reid","",""
2002,70,"Wesserunsett Lake, Madison","","12/27/2001","04/12/2002","Will","Reid","RE-0230",""
2003,70,"Wesserunsett Lake, Madison","","11/29/2002","04/24/2003","","Laney/Reid","",""
2003,70,"Wesserunsett Lake, Madison","","11/29/2002","04/24/2003","Will","Reid","RE-0230",""
2004,70,"Wesserunsett Lake, Madison","","12/19/2003","04/19/2004","","Laney/Reid","",""
2004,70,"Wesserunsett Lake, Madison","","12/19/2003","04/19/2004","Will","Reid","RE-0230",""
2005,70,"Wesserunsett Lake, Madison","","12/10/2004","04/20/2005","","Laney/Reid","",""
2005,70,"Wesserunsett Lake, Madison","","12/15/2004","04/20/2005","Will","Reid","RE-0230",""
2006,70,"Wesserunsett Lake, Madison","","12/28/2005","04/02/2006","","Laney/Reid","",""
2006,70,"Wesserunsett Lake, Madison","","","04/02/2006","","Maine Lake Charts Inc.","",""
2006,70,"Wesserunsett Lake, Madison","","12/10/2005","04/02/2006","Will","Reid","RE-0230",""
2007,70,"Wesserunsett Lake, Madison","","","04/27/2007","","Maine Lake Charts Inc.","",""
2007,70,"Wesserunsett Lake, Madison","","12/28/2006","04/27/2007","Will","Reid","RE-0230",""
2009,70,"Wesserunsett Lake, Madison","","","04/14/2009","","Maine Lake Charts Inc.","",""
2010,70,"Wesserunsett Lake, Madison","","","03/24/2010","Will","Reid","RE-0230",""
2011,70,"Wesserunsett Lake, Madison","","","04/23/2011","William ","Reid","RE-0230",""
2011,70,"Wesserunsett Lake, Madison","","","04/23/2011","William","Reid","RE-0230",""
2012,70,"Wesserunsett Lake, Madison","","12/19/2011","03/24/2012","William","Reid","RE-0230",""
2013,70,"Wesserunsett Lake, Madison","","12/12/2012","04/17/2013","William","Reid","RE-0230",""
2014,70,"Wesserunsett Lake, Madison","","","04/29/2014","Will ","Reid","RE-0230",""
2015,70,"Wesserunsett Lake, Madison","","","04/23/2015","William ","Reid","",""
2015,70,"Wesserunsett Lake, Madison","11/29/2014","12/05/2014","04/23/2015","Will","Reid","",""
2016,70,"Wesserunsett Lake, Madison","","12/11/2015","04/03/2016","Will","Reid","",""
2017,70,"Wesserunsett Lake, Madison","","","04/28/2017","Will","Reid","",""
2018,70,"Wesserunsett Lake, Madison","","","04/29/2018","William ","Ried","RE-0230",""
