"Date","DEPTH","TEMPERATURE","OXYGEN"
1974-09-07,12.2,11,6
1974-09-07,16.8,10.2,2
1975-09-07,0.9,15.5,12
1975-09-07,15.2,9.5,1
1975-09-07,17.7,9,1
1976-09-11,0,18,8.8
1976-09-11,10,18,8.6
1976-09-11,12,18,8.5
1976-09-11,14,16.2,2.8
1976-09-11,16,14.5,0.4
1976-09-11,18,13.2,0.3
1976-09-11,2,18,8.8
1976-09-11,4,18,8.8
1976-09-11,6,18,8.7
1976-09-11,8,18,8.7
1989-07-08,0,22,9.8
1989-07-08,1,22.2,9.9
1989-07-08,10,13.1,7.1
1989-07-08,11,12.6,7.5
1989-07-08,12,13.4,7
1989-07-08,13,12.8,7.2
1989-07-08,14,12,7.2
1989-07-08,15,11,8
1989-07-08,16,11,6.2
1989-07-08,17,11,5.6
1989-07-08,18,11,5.1
1989-07-08,2,22,9.8
1989-07-08,3,22,9.6
1989-07-08,4,22,9.6
1989-07-08,5,22,9.6
1989-07-08,6,21.7,9.5
1989-07-08,7,21.7,9.5
1989-07-08,8,15.3,7.8
1989-07-08,9,14.2,7.3
1992-06-20,0,22,8.9
1992-06-20,1,21.8,8.9
1992-06-20,10,13.1,7.9
1992-06-20,12,12,8.1
1992-06-20,14,10.8,7.8
1992-06-20,16,10.1,7.5
1992-06-20,17.5,9.9,6.9
1992-06-20,2,21.9,8.9
1992-06-20,3,21.9,8.9
1992-06-20,5,21.9,8.9
1992-06-20,6,21.7,8.9
1992-06-20,7,19,9
1992-06-20,8,15.2,8.3
1992-08-21,0,23,8.8
1992-08-21,1,21.5,8.8
1992-08-21,10,18.8,4.1
1992-08-21,11,16,2.5
1992-08-21,12,14,2.5
1992-08-21,13,12.5,2.5
1992-08-21,14,11.5,2.2
1992-08-21,15,11,1.6
1992-08-21,16,10.9,1.2
1992-08-21,17,10.5,1
1992-08-21,19,10.2,1
1992-08-21,2,21,8.8
1992-08-21,21,10.2,0.4
1992-08-21,22,10.2,0.4
1992-08-21,23,10.2,0.4
1992-08-21,24,10.2,0.4
1992-08-21,25,10.2,0.4
1992-08-21,26,10,0.4
1992-08-21,3,21,8.8
1992-08-21,4,21,8.8
1992-08-21,5,21,8.8
1992-08-21,6,21,8.8
1992-08-21,7,21,8.6
1992-08-21,8,21.5,8.2
1992-08-21,9,20,6.2
1992-08-22,0,21,9.2
1992-08-22,1,21,9.2
1992-08-22,10,17.1,2.8
1992-08-22,11,15.2,2.4
1992-08-22,12,13,2.5
1992-08-22,13,11,2.4
1992-08-22,14,10.9,2.1
1992-08-22,15,10.2,1.7
1992-08-22,16,9.9,1.2
1992-08-22,17,9.2,0.8
1992-08-22,18,9.2,0.8
1992-08-22,19,9,0.4
1992-08-22,3,20.3,9.3
1992-08-22,5,20.1,9.3
1992-08-22,7,20,9
1992-08-22,8,19.3,7.4
1992-08-22,9,19,5.7
1993-06-27,0,22,8.7
1993-06-27,1,22,8.7
1993-06-27,10,15.7,8
1993-06-27,11,15,7.8
1993-06-27,12,14.3,7.4
1993-06-27,13,13.5,7.2
1993-06-27,14,12.1,6.6
1993-06-27,15,11.5,6.6
1993-06-27,16,11,6.4
1993-06-27,17,10.9,6.3
1993-06-27,18,10.3,5.6
1993-06-27,19,10,3.2
1993-06-27,2,21.6,8.6
1993-06-27,20,10,0.8
1993-06-27,21,10,0.6
1993-06-27,22,10,0.4
1993-06-27,3,21.5,8.6
1993-06-27,4,21,8.6
1993-06-27,5,20.2,8.6
1993-06-27,6,19,8.6
1993-06-27,7,17,8.6
1993-06-27,8,16.5,8.4
1993-06-27,9,16.2,8.4
1993-07-25,0,22.1,8
1993-07-25,1,22.1,8
1993-07-25,10,16.2,5.4
1993-07-25,11,15,5
1993-07-25,12,15,4.5
1993-07-25,13,14,4.4
1993-07-25,14,12.8,3.4
1993-07-25,15,12,3
1993-07-25,16,12,2.5
1993-07-25,17,12,2.4
1993-07-25,19,11.5,1.2
1993-07-25,2,22.1,8
1993-07-25,21,11.5,1.2
1993-07-25,3,22,8
1993-07-25,4,22,8
1993-07-25,5,22,8
1993-07-25,6,22,8
1993-07-25,7,21.1,7.8
1993-07-25,8,20,6.8
1993-07-25,9,18,6.2
1993-08-25,0,23.1,8.6
1993-08-25,1,23,8.8
1993-08-25,10,17.5,2.8
1993-08-25,11,16.5,2.4
1993-08-25,12,15.5,2.4
1993-08-25,13,15,2.4
1993-08-25,14,13,1.2
1993-08-25,15,13,1
1993-08-25,17,12,0.5
1993-08-25,19,11.5,0.4
1993-08-25,2,23,8.5
1993-08-25,21,11.5,0.4
1993-08-25,22,11.5,0.4
1993-08-25,3,23,8.5
1993-08-25,4,23,8.4
1993-08-25,5,22.8,8.4
1993-08-25,6,22.8,8.5
1993-08-25,7,22.8,8.5
1993-08-25,8,22.8,8.2
1993-08-25,9,18.7,3.8
1995-05-28,0,19,9.2
1995-05-28,1,18,11.8
1995-05-28,10,11.2,6.5
1995-05-28,11,11,6.4
1995-05-28,12,10.4,6.4
1995-05-28,13,10.1,6.4
1995-05-28,14,10,6.2
1995-05-28,15,10,6.1
1995-05-28,17,9.8,5.9
1995-05-28,19,9.4,5.6
1995-05-28,2,16.5,10.8
1995-05-28,21,9,3.4
1995-05-28,3,14.5,10.8
1995-05-28,4,14.5,9.6
1995-05-28,5,14,8.8
1995-05-28,6,14,7.6
1995-05-28,7,13,7.4
1995-05-28,8,12.2,7.2
1995-05-28,9,11.5,7
1995-06-17,0,18.2,11
1995-06-17,1,18,11.2
1995-06-17,10,11.5,10.2
1995-06-17,11,11,10.2
1995-06-17,12,11,9.9
1995-06-17,13,10.3,9.9
1995-06-17,14,10.5,10
1995-06-17,15,10.2,9.9
1995-06-17,17,10,9.6
1995-06-17,19,9.9,9.1
1995-06-17,2,18,11
1995-06-17,20,9.9,8.8
1995-06-17,21,9.7,0.8
1995-06-17,3,17.8,11
1995-06-17,4,17.5,11
1995-06-17,5,17.4,11
1995-06-17,6,17.2,10.3
1995-06-17,7,17,10.8
1995-06-17,8,14.8,10.4
1995-06-17,9,12.5,10.4
1995-06-26,0,24.7,8.5
1995-06-26,1,24.7,8.5
1995-06-26,10,13.1,8
1995-06-26,11,13.75,7.55
1995-06-26,12,12.1,7.9
1995-06-26,13,12.5,8.15
1995-06-26,14,11.8,7.8
1995-06-26,15,11.7,7.4
1995-06-26,16,11.55,7.25
1995-06-26,17,11,7.1
1995-06-26,2,24.5,8.5
1995-06-26,3,24.75,8.2
1995-06-26,4,22.8,9
1995-06-26,5,21.5,8.8
1995-06-26,6,19.5,9.2
1995-06-26,7,18,8.35
1995-06-26,8,15.1,8.2
1995-06-26,9,14.35,7.65
1995-07-11,0,24,8.5
1995-07-11,1,23.5,8.5
1995-07-11,10,13.5,6.6
1995-07-11,11,12.2,6.4
1995-07-11,12,11.8,6.4
1995-07-11,13,11,6.2
1995-07-11,14,11,6.1
1995-07-11,15,10.8,6
1995-07-11,17,10.5,5.6
1995-07-11,19,10.1,5
1995-07-11,2,23.3,8.6
1995-07-11,21,10.1,2.6
1995-07-11,3,23,8.6
1995-07-11,4,23,8.6
1995-07-11,5,22.9,8.5
1995-07-11,6,22,8.2
1995-07-11,7,19.1,8
1995-07-11,8,16,7.2
1995-07-11,9,14.5,7
1995-07-25,0,24,8
1995-07-25,1,24,8
1995-07-25,10,14.9,5
1995-07-25,11,13,5
1995-07-25,12,12.5,5
1995-07-25,13,12,4.8
1995-07-25,14,11.5,4.8
1995-07-25,15,11,4.8
1995-07-25,17,10.9,4.5
1995-07-25,19,10.9,4.5
1995-07-25,2,24,8.2
1995-07-25,20,10.9,4.2
1995-07-25,21,10.9,2.4
1995-07-25,3,24,8.2
1995-07-25,4,23.8,8.1
1995-07-25,5,22.9,8
1995-07-25,6,22.4,8
1995-07-25,7,21.9,7.4
1995-07-25,8,18.9,6.2
1995-07-25,9,16,5.4
1995-08-08,0,24.4,8.2
1995-08-08,1,24,8.2
1995-08-08,10,13.7,3.5
1995-08-08,11,12.5,3.5
1995-08-08,12,12,3.8
1995-08-08,13,12,3.8
1995-08-08,14,11,3.6
1995-08-08,15,10.9,3.4
1995-08-08,16,10.5,3.3
1995-08-08,18,10.4,2.5
1995-08-08,19,10.1,2.4
1995-08-08,2,23.2,8.4
1995-08-08,20,10.1,2
1995-08-08,21,10,0.4
1995-08-08,3,23,8.4
1995-08-08,4,22.8,8.4
1995-08-08,5,22.7,8.4
1995-08-08,6,22.1,8.4
1995-08-08,7,22,7.8
1995-08-08,8,18.6,5.2
1995-08-08,9,15,3.5
1995-08-21,10,16,2.4
1995-08-21,11,15.5,2.7
1995-08-21,13,13,2.8
1995-08-21,15,12.3,2.4
1995-08-21,17,11.9,2
1995-08-21,3,25,7.9
1995-08-21,5,24.5,8
1995-08-21,7,24,7.3
1995-08-21,9,22,2.5
1995-08-27,0,20.6,9.4
1995-08-27,1,20.5,9.2
1995-08-27,10,14,2.8
1995-08-27,11,13,2.5
1995-08-27,12,12.3,2.5
1995-08-27,13,11.8,2.8
1995-08-27,14,11.1,2.6
1995-08-27,15,11,2.1
1995-08-27,17,10.5,1.6
1995-08-27,18,10.5,1.5
1995-08-27,2,20.2,9.2
1995-08-27,3,20.1,9.1
1995-08-27,4,20.1,9
1995-08-27,5,20.1,9
1995-08-27,6,20,9
1995-08-27,7,20,8.6
1995-08-27,8,20,8.6
1995-08-27,9,19,6.8
1995-09-21,0,17.1,9.4
1995-09-21,1,17,9.4
1995-09-21,10,16.2,8.8
1995-09-21,11,16.2,8.9
1995-09-21,12,16.2,8.9
1995-09-21,13,16,8.8
1995-09-21,14,16,8
1995-09-21,15,11.1,0.6
1995-09-21,17,10.8,0.4
1995-09-21,19,10.5,0.4
1995-09-21,2,16.9,9.3
1995-09-21,20,10.1,0.4
1995-09-21,3,16.8,9.3
1995-09-21,4,16.5,9.2
1995-09-21,5,16.5,9.2
1995-09-21,6,16.5,9.2
1995-09-21,7,16.5,9.2
1995-09-21,8,16.5,8.8
1995-09-21,9,16.3,8.8
1995-09-24,11,17.3,9
1995-09-24,13,17.1,8.9
1995-09-24,15,15,6.4
1995-09-24,16,13,2
1995-09-24,17,12,1.4
1995-09-24,3,17.5,9.4
1995-09-24,5,17.5,8.9
1995-09-24,7,17.5,9.1
1995-09-24,9,17.5,8.9
1996-06-02,0,17,11.6
1996-06-02,0.3,17,11.6
1996-06-02,0.6,16.5,11.5
1996-06-02,0.9,16.3,11.7
1996-06-02,1.2,14.3,12.1
1996-06-02,1.5,13.8,12
1996-06-02,1.8,13.2,11.8
1996-06-02,2.1,13.2,11.8
1996-06-02,2.4,12.8,11.4
1996-06-02,2.7,12,11.2
1996-06-02,3,11.5,11
1996-06-02,3.4,11,10.9
1996-06-02,3.7,10.7,10.9
1996-06-02,4,10.3,10.6
1996-06-02,4.3,10,10.6
1996-06-02,4.6,9.85,10.55
1996-06-02,5.2,9.5,10.5
1996-06-02,5.8,9.5,10.4
1996-06-02,6.4,9,0.8
1996-06-20,0,21.5,8.9
1996-06-20,0.3,21,8.8
1996-06-20,0.6,21,8.8
1996-06-20,0.9,20.8,8.8
1996-06-20,1.2,20.8,8.8
1996-06-20,1.5,19,8.8
1996-06-20,1.8,16,8.8
1996-06-20,2.1,14.9,8.4
1996-06-20,2.4,13.5,8.4
1996-06-20,2.7,13,8.1
1996-06-20,3,12,8
1996-06-20,3.4,11,7.9
1996-06-20,3.7,10.6,7.8
1996-06-20,4,10.4,7.4
1996-06-20,4.3,10.1,7.4
1996-06-20,4.6,10,7.4
1996-06-20,5.2,9.8,7.3
1996-06-20,5.8,9.8,7.1
1996-06-20,6.1,9.5,5.5
1996-06-20,6.4,9.1,0.5
1996-07-02,0,21.9,9.6
1996-07-02,0.3,19.9,9.8
1996-07-02,0.6,19,9.8
1996-07-02,0.9,18.7,0
1996-07-02,1.2,18,9.6
1996-07-02,1.5,18,9.6
1996-07-02,1.8,17,9.5
1996-07-02,2.1,15.8,8.2
1996-07-02,2.4,14.4,8
1996-07-02,2.7,13.6,7.3
1996-07-02,3,12.5,7.2
1996-07-02,3.4,11.7,6.9
1996-07-02,3.7,11.2,7
1996-07-02,4,11,6.8
1996-07-02,4.3,10.7,6.6
1996-07-02,4.6,10.2,6.6
1996-07-02,5.2,10,6.6
1996-07-02,5.8,9.8,6.1
1996-07-02,6.2,9.4,0.6
1996-08-02,0,21,9.4
1996-08-02,1,20.9,9.6
1996-08-02,10,13,3.8
1996-08-02,11,12.5,3.8
1996-08-02,12,12.5,3.8
1996-08-02,13,12,4
1996-08-02,14,11.5,4
1996-08-02,15,10.7,3.8
1996-08-02,17,10.3,2.9
1996-08-02,19,10,2.8
1996-08-02,2,20.5,9.6
1996-08-02,20,10,1.8
1996-08-02,3,20.2,9.6
1996-08-02,4,20.1,9.6
1996-08-02,5,20,9.6
1996-08-02,6,20,8.3
1996-08-02,7,19,8.2
1996-08-02,8,18.7,7.5
1996-08-02,9,14.9,4
1996-08-22,0,22,9.1
1996-08-22,1,22,9.1
1996-08-22,10,13.5,2.6
1996-08-22,11,13.5,2.2
1996-08-22,12,12,2
1996-08-22,13,11.7,2.1
1996-08-22,14,11,1.6
1996-08-22,15,10,1.2
1996-08-22,17,10.1,0.8
1996-08-22,19,10,0.8
1996-08-22,19.5,10,0.4
1996-08-22,2,21.5,9.1
1996-08-22,3,21.3,9.2
1996-08-22,4,21.1,9.1
1996-08-22,5,21,9
1996-08-22,6,21,8.9
1996-08-22,7,20.5,9
1996-08-22,8,18.5,5.4
1996-08-22,9,16,2.7
1996-09-21,0,16.5,9.2
1996-09-21,1,16.5,9.4
1996-09-21,10,16,9.4
1996-09-21,11,16,9.1
1996-09-21,12,16,9.1
1996-09-21,13,13,0.5
1996-09-21,14,11,0.3
1996-09-21,17,10,0.2
1996-09-21,18,10,0.2
1996-09-21,2,16.5,9.4
1996-09-21,3,16.5,9.5
1996-09-21,4,16.5,9.5
1996-09-21,5,16.5,9.4
1996-09-21,6,16,9.4
1996-09-21,7,16,9.4
1996-09-21,8,16.5,9.4
1996-09-21,9,16.5,9.4
1997-06-08,0,18,9.4
1997-06-08,1,18,9.6
1997-06-08,10,11.5,10.2
1997-06-08,11,11.1,10.4
1997-06-08,12,11,10.2
1997-06-08,13,11,10.1
1997-06-08,14,10.8,10.2
1997-06-08,15,10.8,10.2
1997-06-08,17,10.5,10.2
1997-06-08,19,10.3,9.8
1997-06-08,2,17.5,9.8
1997-06-08,21,10,2.4
1997-06-08,23,10,2.2
1997-06-08,3,17.1,10
1997-06-08,4,16.5,10.2
1997-06-08,5,15.5,10.4
1997-06-08,6,14,10.3
1997-06-08,7,13.3,10.4
1997-06-08,8,12.3,10.4
1997-06-08,9,12,10.4
1997-06-30,0,25.9,8.6
1997-06-30,1,24.8,8.8
1997-06-30,10,13,8.4
1997-06-30,11,12,8.4
1997-06-30,12,12,8.4
1997-06-30,13,12,8.4
1997-06-30,14,11.9,8.4
1997-06-30,15,11,8.4
1997-06-30,17,11,8.2
1997-06-30,19,11,8
1997-06-30,2,23.5,9.2
1997-06-30,20,11,6.8
1997-06-30,21,10.8,0.8
1997-06-30,3,23,9.2
1997-06-30,4,22.1,9.2
1997-06-30,5,21.5,9
1997-06-30,6,21,8.8
1997-06-30,7,17,8.4
1997-06-30,8,15.2,8.4
1997-06-30,9,13,8.4
1997-07-18,0,25,8.6
1997-07-18,1,25,8.6
1997-07-18,10,13,6.8
1997-07-18,11,12.7,6.8
1997-07-18,12,12.5,7
1997-07-18,13,12,6.8
1997-07-18,14,11.8,6.8
1997-07-18,15,11.2,6.7
1997-07-18,17,11,6
1997-07-18,19,11,5.2
1997-07-18,2,24.9,8.6
1997-07-18,21,11,1
1997-07-18,3,24.9,8.6
1997-07-18,4,24.5,8.6
1997-07-18,5,24,8.5
1997-07-18,6,22.5,8
1997-07-18,7,21.5,7.2
1997-07-18,8,17,7
1997-07-18,9,14,6.8
1997-08-08,0,24.9,9
1997-08-08,1,23.5,9
1997-08-08,10,14,5.1
1997-08-08,11,13,5.1
1997-08-08,12,12.8,5.1
1997-08-08,13,12.1,5.5
1997-08-08,14,12,5.4
1997-08-08,15,11.5,4.5
1997-08-08,17,11,4.4
1997-08-08,19,11,3.2
1997-08-08,2,23.5,9
1997-08-08,21,11,0.5
1997-08-08,3,23.2,9
1997-08-08,4,23.1,9
1997-08-08,5,23,8.9
1997-08-08,6,22.7,8.5
1997-08-08,7,22,8
1997-08-08,8,18.3,5.2
1997-08-08,9,15.5,5
1997-08-31,0,22.1,8.6
1997-08-31,1,22.1,8.6
1997-08-31,10,15,3.1
1997-08-31,11,12.9,3.6
1997-08-31,12,12.9,3.5
1997-08-31,13,12.1,3.6
1997-08-31,14,12,3
1997-08-31,15,11.5,2.8
1997-08-31,17,11,1.9
1997-08-31,19,11,0.4
1997-08-31,2,22,8.6
1997-08-31,3,21.9,8.6
1997-08-31,4,21.5,8.6
1997-08-31,5,21.5,8.4
1997-08-31,6,21.5,8.3
1997-08-31,7,21.4,8.3
1997-08-31,8,21.2,7.9
1997-08-31,9,20,5.9
1997-09-16,0,20.5,9.2
1997-09-16,1,20.5,9
1997-09-16,10,18,4.2
1997-09-16,11,14,2.2
1997-09-16,12,13,2.5
1997-09-16,13,12.4,2.5
1997-09-16,14,11.5,1.8
1997-09-16,15,11.3,0.8
1997-09-16,17,11,0.2
1997-09-16,18,11,0.2
1997-09-16,2,20.5,9
1997-09-16,3,20.5,9
1997-09-16,4,20.2,8.9
1997-09-16,5,20,8.6
1997-09-16,6,19.8,8.5
1997-09-16,7,19.8,8.4
1997-09-16,8,19.4,7.9
1997-09-16,9,18.5,7.5
1997-10-07,0,15,8.2
1997-10-07,1,15,8.8
1997-10-07,10,15,8.5
1997-10-07,11,15,8.5
1997-10-07,12,14.9,8.4
1997-10-07,13,14.2,7
1997-10-07,14,12.5,0.8
1997-10-07,15,12,0.5
1997-10-07,17,11.1,0.2
1997-10-07,19,11,0.2
1997-10-07,2,15,8.8
1997-10-07,3,15,8.8
1997-10-07,4,15,8.6
1997-10-07,5,15,8.6
1997-10-07,6,15,8.6
1997-10-07,7,15,8.6
1997-10-07,8,15,8.6
1997-10-07,9,15,8.6
1998-06-21,0,21.6,9.6
1998-06-21,1,21.6,9.8
1998-06-21,10,15.5,8.2
1998-06-21,11,14.9,7.6
1998-06-21,12,14,7.4
1998-06-21,13,12.4,7.5
1998-06-21,14,11.9,7.4
1998-06-21,15,11,7
1998-06-21,17,10,6.8
1998-06-21,19,10,6.5
1998-06-21,2,20.1,9.8
1998-06-21,21,9.6,0.2
1998-06-21,3,19.8,10.1
1998-06-21,4,19.2,10.2
1998-06-21,5,18.1,10.2
1998-06-21,6,18,10.2
1998-06-21,7,17.5,10.1
1998-06-21,8,17,9.5
1998-06-21,9,16.6,8.8
1998-07-21,0,25.2,9.4
1998-07-21,1,25,9.4
1998-07-21,10,16,4
1998-07-21,11,14.8,3.9
1998-07-21,12,14.5,3.8
1998-07-21,13,13.5,3.7
1998-07-21,14,12.3,3.7
1998-07-21,15,12,3.6
1998-07-21,17,11.3,3.4
1998-07-21,19,10.9,3.3
1998-07-21,2,24.9,9.4
1998-07-21,20,10.7,3.2
1998-07-21,21,10.7,0.7
1998-07-21,3,24.6,9.4
1998-07-21,4,24,9.4
1998-07-21,5,24,9.4
1998-07-21,6,21.5,9.4
1998-07-21,7,20.5,8.7
1998-07-21,8,19.6,6.5
1998-07-21,9,17.1,4.6
1998-08-07,0,25.6,8.2
1998-08-07,1,25.3,8.4
1998-08-07,10,16.5,2
1998-08-07,11,15.2,1.9
1998-08-07,12,14.9,2
1998-08-07,13,13.5,2
1998-08-07,14,12.5,2
1998-08-07,15,12,2
1998-08-07,17,11.5,1.6
1998-08-07,19,11,1.2
1998-08-07,2,25.1,8.4
1998-08-07,20,11,0.8
1998-08-07,21,11,0.3
1998-08-07,3,25,8.4
1998-08-07,4,24.7,8.4
1998-08-07,5,24,8.4
1998-08-07,6,23.8,7.9
1998-08-07,7,21.1,5.4
1998-08-07,8,21,2.5
1998-08-07,9,17.2,2.3
1998-08-24,0,23,8.6
1998-08-24,1,23,8.6
1998-08-24,10,16.5,0.6
1998-08-24,11,15.6,0.6
1998-08-24,12,15,0.6
1998-08-24,13,13.4,0.6
1998-08-24,14,12.2,0.3
1998-08-24,15,12,0.2
1998-08-24,17,11.7,0.2
1998-08-24,19,11.3,0.1
1998-08-24,2,23,8.6
1998-08-24,3,23,8.6
1998-08-24,4,23,8.6
1998-08-24,5,23,8.6
1998-08-24,6,23,8.5
1998-08-24,7,22.9,8.5
1998-08-24,8,22.9,5.6
1998-08-24,9,18.1,1.2
1999-05-31,0,20.2,9.8
1999-05-31,1,19.7,9.8
1999-05-31,10,13.5,9.4
1999-05-31,11,12.5,9.6
1999-05-31,12,11,9.5
1999-05-31,13,10.5,9.6
1999-05-31,14,10,9.6
1999-05-31,15,9.9,9.6
1999-05-31,17,9.4,9.3
1999-05-31,19,9,8.6
1999-05-31,2,19,9.8
1999-05-31,20,9,7.8
1999-05-31,20.6,9,0.6
1999-05-31,3,18.4,9.9
1999-05-31,4,17.5,10
1999-05-31,5,16.5,9.9
1999-05-31,6,16.2,9.9
1999-05-31,7,15.9,9.6
1999-05-31,8,15,9.6
1999-05-31,9,14.5,9.5
1999-06-17,0,22.1,8.7
1999-06-17,1,22,8.8
1999-06-17,10,14.5,7.9
1999-06-17,11,13.7,7.8
1999-06-17,12,13.2,7.8
1999-06-17,13,12,7.8
1999-06-17,14,11.5,7.6
1999-06-17,15,11.3,7.6
1999-06-17,17,11.2,7.4
1999-06-17,19,10,7.2
1999-06-17,2,22,8.8
1999-06-17,20,10,7.2
1999-06-17,20.5,10,0.6
1999-06-17,3,22,8.8
1999-06-17,4,21.9,8.8
1999-06-17,5,21.3,8.7
1999-06-17,6,20.3,8.6
1999-06-17,7,20,8.4
1999-06-17,8,18,8.2
1999-06-17,9,15.7,8
1999-07-13,0,23.5,8.2
1999-07-13,1,23.5,8.2
1999-07-13,10,15.1,5.7
1999-07-13,11,14,5.4
1999-07-13,12,13,5.3
1999-07-13,13,12.2,5.4
1999-07-13,14,11.3,5.2
1999-07-13,15,11,5.1
1999-07-13,17,11,4.9
1999-07-13,19,10.8,4.4
1999-07-13,2,23.5,8.2
1999-07-13,20,10.5,2.5
1999-07-13,3,23.5,8.2
1999-07-13,4,23.5,8.2
1999-07-13,5,23.5,8.1
1999-07-13,6,23.5,8.2
1999-07-13,7,23,8
1999-07-13,8,19,6.6
1999-07-13,9,17,5.8
1999-08-02,0,25,8
1999-08-02,1,25,8
1999-08-02,10,15,4
1999-08-02,11,14.5,4
1999-08-02,12,13,4
1999-08-02,13,13,4
1999-08-02,14,12,4
1999-08-02,15,11.5,3.4
1999-08-02,17,11,3
1999-08-02,18,10.5,2.2
1999-08-02,19,10.5,1.8
1999-08-02,2,25,8
1999-08-02,3,25,8
1999-08-02,4,25,8
1999-08-02,5,25,8
1999-08-02,6,25,8
1999-08-02,7,22.8,7.1
1999-08-02,8,22,6
1999-08-02,9,17,4.2
1999-08-27,0,24,8.5
1999-08-27,1,24.2,8.4
1999-08-27,10,18.1,2.8
1999-08-27,11,15.8,2.1
1999-08-27,12,14.4,2.4
1999-08-27,13,13.3,2.4
1999-08-27,14,12.1,1.8
1999-08-27,15,12,1.4
1999-08-27,16,11.5,0.9
1999-08-27,17,11.2,0.8
1999-08-27,18,11.2,0.7
1999-08-27,18.5,11,0.4
1999-08-27,2,24.2,8.5
1999-08-27,3,24.2,8.5
1999-08-27,4,24.1,8.6
1999-08-27,5,23,8.7
1999-08-27,6,22.4,8.4
1999-08-27,7,22.2,8.4
1999-08-27,8,22,7.9
1999-08-27,9,20.1,5
1999-09-15,0,23,8.4
1999-09-15,1,23,8.2
1999-09-15,10,19,2
1999-09-15,11,17,0.9
1999-09-15,12,15.3,0.7
1999-09-15,13,13.9,0.7
1999-09-15,14,12,0.6
1999-09-15,15,11.5,0.3
1999-09-15,17,11,0.3
1999-09-15,19,11,0.3
1999-09-15,2,23,8.2
1999-09-15,20,11,0.3
1999-09-15,3,23,8.2
1999-09-15,4,23,8.2
1999-09-15,5,23,8.2
1999-09-15,6,23,8.2
1999-09-15,7,23,8.2
1999-09-15,8,23,8.2
1999-09-15,9,21,4
2000-06-13,0,18,9.4
2000-06-13,1,17,9.4
2000-06-13,10,14.4,8
2000-06-13,11,13.5,8
2000-06-13,12,13,7.8
2000-06-13,13,12,7.7
2000-06-13,14,12,7.4
2000-06-13,15,10.5,7.4
2000-06-13,17,10.1,7
2000-06-13,19,10,6.2
2000-06-13,2,17,9.4
2000-06-13,20,10,1.4
2000-06-13,3,16,9.4
2000-06-13,4,16,9.4
2000-06-13,5,16,9.2
2000-06-13,6,16,9.2
2000-06-13,7,16,9
2000-06-13,8,15.2,8.4
2000-06-13,9,14.9,8.4
2000-07-14,0,23.7,9.6
2000-07-14,1,23,9.4
2000-07-14,10,16,5.4
2000-07-14,11,15.2,5
2000-07-14,12,14,4.8
2000-07-14,13,13.5,4.8
2000-07-14,14,12.5,4.8
2000-07-14,15,12,4.6
2000-07-14,17,11.7,4.2
2000-07-14,19,11.5,4
2000-07-14,2,22,9.4
2000-07-14,20,11,3
2000-07-14,20.5,11,0.9
2000-07-14,3,22,9.4
2000-07-14,4,21.4,9.4
2000-07-14,5,21.2,9.4
2000-07-14,6,21,9.1
2000-07-14,7,20.5,8.2
2000-07-14,8,18,6.2
2000-07-14,9,17,5.5
2000-08-18,0,22,8.2
2000-08-18,1,22,8
2000-08-18,10,17,1.6
2000-08-18,11,15,1.6
2000-08-18,12,14.5,1.9
2000-08-18,13,13.5,1.9
2000-08-18,14,13,1.6
2000-08-18,15,12.5,1.6
2000-08-18,17,12.2,1.2
2000-08-18,19,12,1.9
2000-08-18,2,22,8
2000-08-18,20,11.5,0.2
2000-08-18,3,22,8
2000-08-18,4,21.9,8
2000-08-18,5,21.9,8
2000-08-18,6,21.9,8
2000-08-18,7,21.9,8
2000-08-18,8,20.2,3.4
2000-08-18,9,18.7,2.4
2000-08-25,0,22.3,8.6
2000-08-25,1,22.3,8.4
2000-08-25,10,18.2,1.6
2000-08-25,11,17,1.2
2000-08-25,12,16.2,1.3
2000-08-25,13,15,1.4
2000-08-25,14,14.5,1.3
2000-08-25,15,14,1.1
2000-08-25,16,13.8,0.8
2000-08-25,17,13.5,0.7
2000-08-25,18,13.2,0.4
2000-08-25,19,13.1,0.4
2000-08-25,2,22.3,8.5
2000-08-25,3,22.2,8.5
2000-08-25,4,22,8.5
2000-08-25,5,21.9,8.5
2000-08-25,6,21.8,8.2
2000-08-25,7,21.8,7.9
2000-08-25,8,21.5,7.7
2000-08-25,9,20,3.8
2000-09-21,0,19.7,8.8
2000-09-21,1,19.7,8.7
2000-09-21,10,18.9,7.8
2000-09-21,11,18.8,7.2
2000-09-21,12,17,3.8
2000-09-21,13,14.2,0.5
2000-09-21,14,13.1,0.2
2000-09-21,15,13.1,0.2
2000-09-21,17,13,0.2
2000-09-21,19,12,0.2
2000-09-21,2,19.7,8.7
2000-09-21,3,19.7,8.7
2000-09-21,4,19.7,8.7
2000-09-21,5,19.7,8.6
2000-09-21,6,19.6,8.6
2000-09-21,7,19.6,8.5
2000-09-21,8,19.5,8.5
2000-09-21,9,19.1,8.2
2001-06-08,0,18,10
2001-06-08,1,17.3,10
2001-06-08,10,10.5,8.9
2001-06-08,11,10,8.8
2001-06-08,12,9.9,8.6
2001-06-08,13,9.6,8.4
2001-06-08,14,9,8.4
2001-06-08,15,9,8.2
2001-06-08,17,8.1,7.6
2001-06-08,19,8,7.4
2001-06-08,2,17,10
2001-06-08,20,8,7.4
2001-06-08,25,8,2
2001-06-08,3,16.5,10
2001-06-08,4,16.2,10
2001-06-08,5,16.2,10
2001-06-08,6,16,10
2001-06-08,7,15.1,9.9
2001-06-08,8,13.5,9.6
2001-06-08,9,11.1,9
2001-07-14,0,22,10
2001-07-14,1,22,9.8
2001-07-14,10,12,7.2
2001-07-14,11,11,7.1
2001-07-14,12,10.5,6.4
2001-07-14,13,10.1,6.3
2001-07-14,14,10.1,6.2
2001-07-14,15,9.9,5.8
2001-07-14,17,9.5,5.2
2001-07-14,19,9.1,5.2
2001-07-14,2,22,9.8
2001-07-14,20.5,9,1.2
2001-07-14,3,22,9.8
2001-07-14,4,22,9.8
2001-07-14,5,21.9,9.4
2001-07-14,6,21.5,9.2
2001-07-14,7,21.5,9.2
2001-07-14,8,17,8.4
2001-07-14,9,13.5,7.8
2001-08-09,0,26.2,8.2
2001-08-09,1,26,8.2
2001-08-09,10,13.5,5.2
2001-08-09,11,12.3,4.8
2001-08-09,12,11.1,4.2
2001-08-09,13,10.5,4
2001-08-09,14,10,3.8
2001-08-09,15,10,3.6
2001-08-09,17,9.5,2.8
2001-08-09,19,9.5,2.6
2001-08-09,2,26,8.1
2001-08-09,20,9.5,2
2001-08-09,20.5,9.2,1.1
2001-08-09,3,26,8.1
2001-08-09,4,26,8.1
2001-08-09,5,25.1,8
2001-08-09,6,23,7.8
2001-08-09,7,22,7.5
2001-08-09,8,17,6.5
2001-08-09,9,15,5.9
2001-09-08,0,22,9.4
2001-09-08,1,22,9.4
2001-09-08,10,16.9,3.2
2001-09-08,11,13.8,2.8
2001-09-08,12,12.7,2.5
2001-09-08,13,11.3,2.4
2001-09-08,14,10.5,1.8
2001-09-08,15,10,1.4
2001-09-08,17,10,1
2001-09-08,19,9.8,1
2001-09-08,2,21.9,9.2
2001-09-08,20,9.5,0.4
2001-09-08,3,21.9,9.2
2001-09-08,4,21.9,9.2
2001-09-08,5,21.5,9
2001-09-08,6,21.2,9
2001-09-08,7,21,8.6
2001-09-08,8,20.7,8.2
2001-09-08,9,19,6
2001-10-02,0,17.5,9
2001-10-02,1,17.5,8.8
2001-10-02,10,17.2,8.3
2001-10-02,11,16.8,6.9
2001-10-02,12,12.5,1.2
2001-10-02,13,11.9,0.8
2001-10-02,14,10.5,0.6
2001-10-02,15,10.1,0.4
2001-10-02,17,9.9,0.2
2001-10-02,18,9.5,0.2
2001-10-02,2,17.5,8.7
2001-10-02,3,17.5,8.6
2001-10-02,4,17.5,8.6
2001-10-02,5,17.5,8.6
2001-10-02,6,17.5,8.6
2001-10-02,7,17.5,8.4
2001-10-02,8,17.5,8.4
2001-10-02,9,17.5,8.4
2002-05-24,0,13.5,10.8
2002-05-24,1,13,10.9
2002-05-24,10,11.5,10.7
2002-05-24,11,11,10.7
2002-05-24,12,11,10.7
2002-05-24,13,11,10.7
2002-05-24,14,10.5,10.6
2002-05-24,15,10.5,10.4
2002-05-24,17,10.5,10.4
2002-05-24,19,10.4,10.4
2002-05-24,2,12.5,11
2002-05-24,20,10.2,9.6
2002-05-24,20.5,10,1
2002-05-24,3,12.5,11
2002-05-24,4,12.5,11
2002-05-24,5,12.5,11
2002-05-24,6,12,10.9
2002-05-24,7,12,10.8
2002-05-24,8,12,10.8
2002-05-24,9,12,10.8
2002-06-28,0,25,10
2002-06-28,1,23,10
2002-06-28,10,15.1,8.3
2002-06-28,11,14.5,8
2002-06-28,12,14,7.8
2002-06-28,13,12.4,7.6
2002-06-28,14,12,7.5
2002-06-28,15,12,7.4
2002-06-28,17,11.5,7
2002-06-28,19,11.1,6.5
2002-06-28,2,22.4,10
2002-06-28,20,11,0.5
2002-06-28,3,21,10.2
2002-06-28,4,20,10.2
2002-06-28,5,19.1,10.1
2002-06-28,6,18.8,10.1
2002-06-28,7,17.9,9.5
2002-06-28,8,17,9
2002-06-28,9,15.9,8.6
2002-07-24,0,23,8.1
2002-07-24,1,23,8.2
2002-07-24,10,15,5
2002-07-24,11,14.9,4.8
2002-07-24,12,14,4.6
2002-07-24,13,13.3,4.2
2002-07-24,14,12.8,4.2
2002-07-24,15,12,3.6
2002-07-24,17,12,3.3
2002-07-24,19,11.8,2.8
2002-07-24,19.5,11.8,1.5
2002-07-24,2,23,8.3
2002-07-24,3,23,8.3
2002-07-24,4,23,8.3
2002-07-24,5,23,8.2
2002-07-24,6,23,8.2
2002-07-24,7,21.5,7.4
2002-07-24,8,19.5,6.4
2002-07-24,9,16,5
2002-08-14,0,26.4,8.3
2002-08-14,1,26.2,8.3
2002-08-14,10,16.3,2.7
2002-08-14,11,15.1,2.9
2002-08-14,12,14.4,3
2002-08-14,13,13.8,2.9
2002-08-14,14,13.3,2.8
2002-08-14,16,12.5,2.4
2002-08-14,18,12.2,2
2002-08-14,19.5,11.9,1
2002-08-14,2,25.9,8.4
2002-08-14,3,25,8.6
2002-08-14,4,23.5,8.4
2002-08-14,5,23.2,8.2
2002-08-14,6,22.7,7.8
2002-08-14,7,22.1,6.8
2002-08-14,8,19.7,4
2002-08-14,9,17.8,2.7
2002-08-23,0,24.6,8.4
2002-08-23,1,24.6,8.8
2002-08-23,10,16.7,2.6
2002-08-23,11,15.4,2.4
2002-08-23,12,14.6,2.6
2002-08-23,13,13.9,2.6
2002-08-23,14,12.9,2.1
2002-08-23,15,12.7,1.6
2002-08-23,16,12.4,1.6
2002-08-23,17,12.2,1.3
2002-08-23,2,24.5,8.8
2002-08-23,3,24.5,8.8
2002-08-23,4,24.4,8.6
2002-08-23,5,24.3,8.5
2002-08-23,6,24.1,8.2
2002-08-23,7,23.9,7.8
2002-08-23,8,20.3,4.8
2002-08-23,9,18.9,3.5
2002-08-26,0,24,8.2
2002-08-26,1,24,8.2
2002-08-26,10,17,3.3
2002-08-26,11,15.5,3
2002-08-26,12,15,3
2002-08-26,13,14.2,3
2002-08-26,14,13,2.5
2002-08-26,15,12.5,2.5
2002-08-26,17,12,1.6
2002-08-26,19,12,1.2
2002-08-26,2,24,8.1
2002-08-26,20,12,0.9
2002-08-26,3,24,8.1
2002-08-26,4,24,8.1
2002-08-26,5,24,8
2002-08-26,6,24,8
2002-08-26,7,23.3,7.8
2002-08-26,8,23,8.4
2002-08-26,9,19,4.2
2002-09-21,0,20.5,9.3
2002-09-21,1,20.5,8.9
2002-09-21,10,19,7.6
2002-09-21,11,18.5,5.6
2002-09-21,12,16.3,1.2
2002-09-21,13,14,0.8
2002-09-21,14,13.5,0.6
2002-09-21,15,13,0.4
2002-09-21,17,12.4,0.4
2002-09-21,19,12,0.4
2002-09-21,2,20.2,8.9
2002-09-21,20,12,0.3
2002-09-21,3,20,8.9
2002-09-21,4,20,8.9
2002-09-21,5,20,8.9
2002-09-21,6,20,8.8
2002-09-21,7,20,8.8
2002-09-21,8,20,9
2002-09-21,9,20,8.8
2003-05-20,0,15,10.7
2003-05-20,1,15,10.8
2003-05-20,10,9.5,10.9
2003-05-20,11,9,10.8
2003-05-20,12,9,10.5
2003-05-20,13,9,10.6
2003-05-20,14,9,10.6
2003-05-20,15,8.9,10.4
2003-05-20,17,8,10.2
2003-05-20,19,7.9,9.8
2003-05-20,19.5,7.9,9
2003-05-20,2,14.9,10.9
2003-05-20,20,7.9,1.6
2003-05-20,3,14,11
2003-05-20,4,14,11
2003-05-20,5,12,11
2003-05-20,6,11,11.4
2003-05-20,7,10.9,11.4
2003-05-20,8,10.1,11.2
2003-05-20,9,9.9,11.2
2003-06-10,0,16.6,9.4
2003-06-10,1,16.6,9.6
2003-06-10,10,11.5,9.1
2003-06-10,11,11.3,8.5
2003-06-10,12,10.2,8.5
2003-06-10,13,10,8.4
2003-06-10,14,9.2,8.2
2003-06-10,15,9,7.6
2003-06-10,17,9,7.4
2003-06-10,19,8.8,2.4
2003-06-10,2,16.5,9.6
2003-06-10,3,16.6,9.6
2003-06-10,4,16.6,9.6
2003-06-10,5,16.5,9.6
2003-06-10,6,16.5,9.6
2003-06-10,7,16.5,9.6
2003-06-10,8,13,9.4
2003-06-10,9,12,9.2
2003-07-17,0,23.3,8.4
2003-07-17,1,23.3,8.4
2003-07-17,10,14,5.6
2003-07-17,11,13,5.2
2003-07-17,12,12,5.2
2003-07-17,13,11,4.8
2003-07-17,14,10.1,4.8
2003-07-17,15,10.1,4
2003-07-17,17,10,4
2003-07-17,19,10,3.6
2003-07-17,2,23.3,8.4
2003-07-17,20,10,3.4
2003-07-17,20.5,10,0.9
2003-07-17,3,23.1,8.4
2003-07-17,4,23,8.4
2003-07-17,5,23,8.4
2003-07-17,6,22.2,8.3
2003-07-17,7,21,8
2003-07-17,8,18.8,7.5
2003-07-17,9,15.5,6
2003-08-06,0,23.5,8.2
2003-08-06,1,23.5,8.2
2003-08-06,10,14.2,3
2003-08-06,11,13,3.9
2003-08-06,12,12.5,2.8
2003-08-06,13,11.7,2.8
2003-08-06,14,11.2,2.7
2003-08-06,15,10.6,2.5
2003-08-06,17,10.2,2
2003-08-06,19,9.7,1.5
2003-08-06,2,23.6,8.2
2003-08-06,20,9.7,0.4
2003-08-06,3,23.6,8.2
2003-08-06,4,23.6,8.2
2003-08-06,5,23.6,8.2
2003-08-06,6,23.6,8.1
2003-08-06,7,23,7.4
2003-08-06,8,21,4.9
2003-08-06,9,15.8,3.5
2003-08-20,0,26,8.2
2003-08-20,1,25.5,8.2
2003-08-20,10,14.7,1.8
2003-08-20,11,13.2,1.9
2003-08-20,12,12.4,2.1
2003-08-20,13,11.9,2.1
2003-08-20,14,11.1,1.8
2003-08-20,15,10.9,1.6
2003-08-20,16,10.4,1.4
2003-08-20,17,10.1,1.2
2003-08-20,18,10,1.1
2003-08-20,19,10,0.9
2003-08-20,2,25.2,8.3
2003-08-20,3,25.1,8.2
2003-08-20,4,24.9,8
2003-08-20,5,24.9,8
2003-08-20,6,24.5,7.5
2003-08-20,7,23.1,6.2
2003-08-20,8,20.6,3.8
2003-08-20,9,17.8,2.3
2003-09-15,0,22,8.7
2003-09-15,1,22,8.8
2003-09-15,10,17.2,1.2
2003-09-15,11,14,0.4
2003-09-15,12,13,0.3
2003-09-15,13,11.5,0.3
2003-09-15,14,11,0.3
2003-09-15,15,10.8,0.2
2003-09-15,17,10.2,0.2
2003-09-15,19,10,0.2
2003-09-15,2,21.5,8.8
2003-09-15,3,21.2,8.8
2003-09-15,4,21.1,8.8
2003-09-15,5,21.1,8.8
2003-09-15,6,20.9,8.4
2003-09-15,7,20.3,8.2
2003-09-15,8,20,7.2
2003-09-15,9,19,6
2004-06-08,0,18.3,9.1
2004-06-08,1,17.2,9.3
2004-06-08,10,14,8.5
2004-06-08,11,13.8,8.2
2004-06-08,12,12.9,7.8
2004-06-08,13,12.5,7.8
2004-06-08,14,11.5,7.6
2004-06-08,15,11,7.2
2004-06-08,17,10.2,7
2004-06-08,19,10,6.4
2004-06-08,2,16.7,9.4
2004-06-08,20,10,6.1
2004-06-08,20.5,9.5,0.8
2004-06-08,3,16.5,9.4
2004-06-08,4,16.6,9.4
2004-06-08,5,16.8,9.4
2004-06-08,6,16.4,9.4
2004-06-08,7,16.1,9.3
2004-06-08,8,14.9,9.1
2004-06-08,9,14.2,8.7
2004-06-30,0,20.5,9.4
2004-06-30,1,20.5,9.4
2004-06-30,10,15,6.6
2004-06-30,11,15,6.6
2004-06-30,12,14,6.2
2004-06-30,13,13,6.2
2004-06-30,14,12,6
2004-06-30,15,12,5.2
2004-06-30,17,11,5
2004-06-30,19,10.5,3.8
2004-06-30,2,20.5,9.4
2004-06-30,20,10.5,3
2004-06-30,20.5,10.5,0.4
2004-06-30,3,20.2,9.4
2004-06-30,4,20,9.4
2004-06-30,5,20,9.4
2004-06-30,6,20,9.4
2004-06-30,7,19.9,9
2004-06-30,8,17,7.8
2004-06-30,9,15.6,7
2004-07-07,0,23.2,8.9
2004-07-07,1,22.5,8.9
2004-07-07,10,15.1,5.8
2004-07-07,11,14.4,5.4
2004-07-07,12,13.8,5.6
2004-07-07,13,12.9,5.1
2004-07-07,14,12.2,5.1
2004-07-07,15,11.7,4.3
2004-07-07,16,11.5,4.3
2004-07-07,17,11.3,4
2004-07-07,18,11.1,3.5
2004-07-07,19,10.9,3.2
2004-07-07,2,22,9.1
2004-07-07,3,21.8,9.1
2004-07-07,4,21.7,9
2004-07-07,5,21.5,8.8
2004-07-07,6,21.3,8.8
2004-07-07,7,19.6,8
2004-07-07,8,17.7,6.9
2004-07-07,9,16.2,6.2
2004-07-17,0,22,8.4
2004-07-17,1,21.9,8.4
2004-07-17,10,16,4.4
2004-07-17,11,14.9,4.3
2004-07-17,12,14,4.2
2004-07-17,13,13,4.1
2004-07-17,14,12.5,3.6
2004-07-17,15,12,3.5
2004-07-17,17,11.2,2.6
2004-07-17,19,11,2
2004-07-17,2,21.9,8.4
2004-07-17,20,11,0.8
2004-07-17,3,21.9,8.4
2004-07-17,4,21.9,8.4
2004-07-17,5,21.9,8.4
2004-07-17,6,21.9,8.4
2004-07-17,7,21.3,8.2
2004-07-17,8,18.3,5.8
2004-07-17,9,16.2,4.8
2004-07-30,0,24.9,8.6
2004-07-30,1,23,8.7
2004-07-30,10,15.1,3.2
2004-07-30,11,13.3,3.1
2004-07-30,12,13,2.9
2004-07-30,13,12,2.8
2004-07-30,14,12,2.6
2004-07-30,15,11,1.6
2004-07-30,17,10.5,1.2
2004-07-30,19,10.1,0.6
2004-07-30,2,23,8.7
2004-07-30,20,10,0.4
2004-07-30,3,22.5,8
2004-07-30,4,22.5,7.8
2004-07-30,5,22,7.4
2004-07-30,6,22,7.1
2004-07-30,7,21.5,7
2004-07-30,8,20.9,5.7
2004-07-30,9,18,4.3
2004-08-10,0,23.5,8.1
2004-08-10,1,23.4,8
2004-08-10,10,16.4,2.2
2004-08-10,11,15.2,2.2
2004-08-10,12,14.2,2.1
2004-08-10,13,13.9,2.1
2004-08-10,14,12.9,1.6
2004-08-10,15,12.4,1.1
2004-08-10,16,12,0.7
2004-08-10,17,11.8,0.6
2004-08-10,18,11.7,0.4
2004-08-10,19,11.5,0.3
2004-08-10,2,23.1,7.9
2004-08-10,3,23,7.8
2004-08-10,4,23,7.7
2004-08-10,5,22.9,7.7
2004-08-10,6,22.9,7.6
2004-08-10,7,22.8,7.3
2004-08-10,8,21.2,4.3
2004-08-10,9,19.1,2.7
2005-07-15,0,24.5,8.2
2005-07-15,1,24.4,8.2
2005-07-15,10,11.8,6
2005-07-15,11,11.4,5.6
2005-07-15,12,11.2,5.8
2005-07-15,13,11,5.9
2005-07-15,14,10.9,5.7
2005-07-15,15,10.8,5.8
2005-07-15,16,10.6,5.7
2005-07-15,17,10.6,5.3
2005-07-15,18,10.6,5
2005-07-15,19,10.5,4.5
2005-07-15,2,24,8.2
2005-07-15,3,23.5,8.1
2005-07-15,4,23,8
2005-07-15,5,22.8,8
2005-07-15,6,21,8
2005-07-15,7,15.3,7
2005-07-15,8,13.1,6
2005-07-15,9,12.2,6.2
2005-08-02,0,24.7,8.3
2005-08-02,1,24.6,8.3
2005-08-02,10,12,4.4
2005-08-02,11,11.5,4.3
2005-08-02,12,11.3,4.4
2005-08-02,13,11.1,4.3
2005-08-02,14,11,4.1
2005-08-02,15,10.9,4
2005-08-02,16,10.7,3.8
2005-08-02,17,10.5,3.5
2005-08-02,2,24.5,8.3
2005-08-02,3,24.4,8.3
2005-08-02,4,24.4,8.2
2005-08-02,5,24.4,8.2
2005-08-02,6,22.8,6.8
2005-08-02,7,18.5,4.8
2005-08-02,8,16.1,4.8
2005-08-02,9,13.4,4
2005-08-20,0,23.3,7.9
2005-08-20,1,23.2,7.9
2005-08-20,10,12.3,4.3
2005-08-20,11,11.8,4.4
2005-08-20,12,11.6,4.8
2005-08-20,13,11.4,4.7
2005-08-20,14,10.9,4.7
2005-08-20,15,10.7,4.2
2005-08-20,16,10.5,3.9
2005-08-20,17,10.5,3.8
2005-08-20,18,10.4,3.7
2005-08-20,19,10.4,3.7
2005-08-20,2,22.9,7.9
2005-08-20,3,22.8,7.9
2005-08-20,4,22.7,7.8
2005-08-20,5,22.6,7.8
2005-08-20,6,22.6,7.9
2005-08-20,7,20.9,4.6
2005-08-20,8,17.2,3.4
2005-08-20,9,12.7,4
2005-09-16,0,21.7,8.3
2005-09-16,1,21.6,8.2
2005-09-16,10,14.6,1.7
2005-09-16,11,13.1,2
2005-09-16,12,12,2.9
2005-09-16,13,11.5,2.9
2005-09-16,14,11.1,2.8
2005-09-16,15,10.9,2.5
2005-09-16,16,10.7,2.4
2005-09-16,17,10.7,2.4
2005-09-16,18,10.6,2.3
2005-09-16,19,10.6,2.3
2005-09-16,2,21.5,8.1
2005-09-16,20,10.4,2.2
2005-09-16,3,21.4,8.1
2005-09-16,4,21.4,8
2005-09-16,5,21.3,8
2005-09-16,6,21.1,7.6
2005-09-16,7,20.7,7.1
2005-09-16,8,19.9,5.9
2005-09-16,9,17.7,3.5
2006-06-06,0,19.2,9.1
2006-06-06,1,18.8,9.1
2006-06-06,10,13.5,8.2
2006-06-06,11,12.9,8
2006-06-06,12,12.5,7.9
2006-06-06,13,11.7,7.8
2006-06-06,14,11.2,7.6
2006-06-06,15,10.7,7.5
2006-06-06,16,10.2,7.4
2006-06-06,17,10,7.2
2006-06-06,18,9.8,7.2
2006-06-06,19,9.7,6.8
2006-06-06,2,17.9,9.2
2006-06-06,20,9.6,6.5
2006-06-06,3,17.6,9.1
2006-06-06,4,17.5,8.9
2006-06-06,5,17.1,8
2006-06-06,6,16.6,8.7
2006-06-06,7,16.1,8.7
2006-06-06,8,14.4,8.6
2006-06-06,9,14.1,8.5
2006-07-06,0,24,8.2
2006-07-06,1,23.9,8.3
2006-07-06,10,14.2,5.6
2006-07-06,11,13.5,5.7
2006-07-06,12,12.8,5.5
2006-07-06,13,12.3,5.3
2006-07-06,14,11.7,5
2006-07-06,15,11.2,4.8
2006-07-06,16,10.9,4.8
2006-07-06,17,10.8,4.7
2006-07-06,18,10.7,4.6
2006-07-06,19,10.6,4.3
2006-07-06,2,23.9,8.3
2006-07-06,20,10.4,3.8
2006-07-06,3,23.8,8.3
2006-07-06,4,23.6,8.3
2006-07-06,5,23.5,8.3
2006-07-06,6,21.5,7.3
2006-07-06,7,20.1,6.8
2006-07-06,8,18.2,6.4
2006-07-06,9,15.5,5.8
2006-07-22,0,26.6,7.8
2006-07-22,1,26.5,7.8
2006-07-22,10,14.3,3.7
2006-07-22,11,13.7,4.3
2006-07-22,12,13.1,4
2006-07-22,13,12.6,4.1
2006-07-22,14,11.9,3.9
2006-07-22,15,11.3,3.4
2006-07-22,16,11.1,3.2
2006-07-22,17,11,3.1
2006-07-22,18,10.9,2.9
2006-07-22,19,10.9,2.8
2006-07-22,2,26.5,7.8
2006-07-22,20,10.6,1.9
2006-07-22,3,26.4,7.7
2006-07-22,4,26.3,7.6
2006-07-22,5,25.4,6.6
2006-07-22,6,24.1,6
2006-07-22,7,21.6,4.9
2006-07-22,8,18.5,4.3
2006-07-22,9,16.4,3.8
2006-08-05,0,26,7.5
2006-08-05,1,26.1,7.5
2006-08-05,10,15.2,2.5
2006-08-05,11,14.2,2.8
2006-08-05,12,13.6,2.5
2006-08-05,13,13,2.6
2006-08-05,14,12.6,2.6
2006-08-05,15,11.7,2.2
2006-08-05,16,11.4,1.8
2006-08-05,17,11.3,1.6
2006-08-05,18,11.1,1.5
2006-08-05,19,11,1.3
2006-08-05,2,26.1,7.5
2006-08-05,20,10.9,1.2
2006-08-05,3,26,7.5
2006-08-05,4,26,7.5
2006-08-05,5,26,7.5
2006-08-05,6,25,6
2006-08-05,7,21.8,3.4
2006-08-05,8,19.2,2.3
2006-08-05,9,17.2,2.2
2006-08-31,0,20.6,7.9
2006-08-31,1,20.6,7.8
2006-08-31,10,17.9,1.4
2006-08-31,11,14.9,0.5
2006-08-31,12,13.3,0.9
2006-08-31,13,12.6,0.7
2006-08-31,14,12.2,0.3
2006-08-31,15,11.8,0.1
2006-08-31,16,11.6,0
2006-08-31,17,11.5,0
2006-08-31,18,11.3,0
2006-08-31,19,11.1,0
2006-08-31,2,20.5,7.8
2006-08-31,20,11,0
2006-08-31,3,20.4,7.8
2006-08-31,4,20.4,7.8
2006-08-31,5,20.4,7.7
2006-08-31,6,20.3,7.7
2006-08-31,7,20.3,7.7
2006-08-31,8,20.3,7.6
2006-08-31,9,20.2,7.1
2006-09-16,0,20.4,8.3
2006-09-16,1,20.1,8.3
2006-09-16,10,19,6.7
2006-09-16,11,16.4,0.6
2006-09-16,12,13.8,0.2
2006-09-16,13,13,0.2
2006-09-16,14,12.3,0.2
2006-09-16,15,11.9,0.2
2006-09-16,16,11.6,0.2
2006-09-16,17,11.4,0.2
2006-09-16,18,11.3,0.2
2006-09-16,19,11.1,0.3
2006-09-16,2,20,8.2
2006-09-16,20,10.9,0.3
2006-09-16,21,0,0
2006-09-16,3,19.7,8
2006-09-16,4,19.7,8
2006-09-16,5,19.6,8
2006-09-16,6,19.6,8
2006-09-16,7,19.3,7.6
2006-09-16,8,19.3,7.6
2006-09-16,9,19.2,7.3
2007-06-02,0,17.9,9.8
2007-06-02,1,17.4,9.8
2007-06-02,10,11.2,10
2007-06-02,11,10.2,10
2007-06-02,12,9.5,10
2007-06-02,13,9,9.9
2007-06-02,14,8.5,9.9
2007-06-02,15,8.1,9.9
2007-06-02,16,8,9.8
2007-06-02,17,7.8,9.9
2007-06-02,18,7.6,9.9
2007-06-02,19,7.6,9.7
2007-06-02,2,17.2,9.8
2007-06-02,20,7.5,9.4
2007-06-02,3,17,9.8
2007-06-02,4,16.5,9.8
2007-06-02,5,16.1,9.9
2007-06-02,6,15.2,9.9
2007-06-02,7,14.1,10
2007-06-02,8,12.8,10.1
2007-06-02,9,11.5,10.1
2007-06-26,0,22.7,9.4
2007-06-26,1,22.5,9.4
2007-06-26,10,11.5,8.4
2007-06-26,11,10.8,8.5
2007-06-26,12,10.2,8.8
2007-06-26,13,10,8.8
2007-06-26,14,9.5,8.4
2007-06-26,15,9.2,8.3
2007-06-26,16,9,8.3
2007-06-26,17,8.9,8.4
2007-06-26,18,8.8,8.3
2007-06-26,19,8.7,8.1
2007-06-26,2,22.2,9.4
2007-06-26,20,8.5,7.7
2007-06-26,3,21.6,9.5
2007-06-26,4,20.9,9.4
2007-06-26,5,20.3,9.3
2007-06-26,6,19.3,9.1
2007-06-26,7,19.1,9.1
2007-06-26,8,17.1,8.3
2007-06-26,9,14,8.2
2007-07-13,0,22.4,7.3
2007-07-13,1,22.4,7.3
2007-07-13,10,12.7,5.5
2007-07-13,11,11.4,5.7
2007-07-13,12,11,5.8
2007-07-13,13,10.4,5.9
2007-07-13,14,10.1,5.9
2007-07-13,15,9.7,5.8
2007-07-13,16,9.4,5.8
2007-07-13,17,9.3,5.6
2007-07-13,18,9.2,5.5
2007-07-13,19,9.1,5.5
2007-07-13,2,22.1,7.3
2007-07-13,20,9.1,5.4
2007-07-13,3,21.7,7.2
2007-07-13,4,21.5,7.1
2007-07-13,5,21.4,7.1
2007-07-13,6,21.1,7.2
2007-07-13,7,20.7,7
2007-07-13,8,17.6,5.8
2007-07-13,9,13.8,5.5
2007-08-02,0,27.1,8.1
2007-08-02,1,27,8.1
2007-08-02,10,13.7,4.9
2007-08-02,11,12.4,5.1
2007-08-02,12,11.6,5.3
2007-08-02,13,10.9,5.4
2007-08-02,14,10.2,5.2
2007-08-02,15,9.9,4.9
2007-08-02,16,9.7,4.9
2007-08-02,17,9.6,4.8
2007-08-02,18,9.5,4.7
2007-08-02,19,9.4,4.4
2007-08-02,2,27,8.1
2007-08-02,20,9.3,4.2
2007-08-02,3,26.9,8.1
2007-08-02,4,26.7,8.1
2007-08-02,5,23.5,7.9
2007-08-02,6,21.9,7.2
2007-08-02,7,20.8,6.5
2007-08-02,8,19.1,5.8
2007-08-02,9,18.2,5.4
2007-08-25,0,22.7,7.2
2007-08-25,1,22.1,7.2
2007-08-25,10,14.6,3.5
2007-08-25,11,13.3,3.5
2007-08-25,12,12.7,3.4
2007-08-25,13,11.9,3.5
2007-08-25,14,10.8,3.3
2007-08-25,15,10.4,3
2007-08-25,16,10.2,2.8
2007-08-25,17,10.1,2.7
2007-08-25,18,9.8,2.3
2007-08-25,19,9.7,2.2
2007-08-25,2,21.9,7.2
2007-08-25,3,21.9,7.2
2007-08-25,4,21.8,7.1
2007-08-25,5,21.5,6.9
2007-08-25,6,21.3,6.8
2007-08-25,7,20.8,6.3
2007-08-25,8,20.3,5.7
2007-08-25,9,17.2,3.6
2008-05-28,0,16.1,10.4
2008-05-28,1,15.9,10.5
2008-05-28,10,10.9,10.1
2008-05-28,11,9.7,10
2008-05-28,12,9.1,9.9
2008-05-28,13,8.7,9.9
2008-05-28,14,8.5,9.8
2008-05-28,15,8.3,9.9
2008-05-28,16,8.1,9.9
2008-05-28,17,7.9,9.9
2008-05-28,18,7.8,9.8
2008-05-28,19,7.7,9.8
2008-05-28,2,15.6,10.6
2008-05-28,20,7.7,6.7
2008-05-28,3,15.4,10.6
2008-05-28,4,15.2,10.7
2008-05-28,5,15.1,10.7
2008-05-28,6,14.7,10.6
2008-05-28,7,13.3,10.3
2008-05-28,8,12,10.2
2008-05-28,9,11.4,10.1
2008-06-12,0,18.4,9.5
2008-06-12,1,18.4,9.5
2008-06-12,10,10.7,8.2
2008-06-12,11,10.6,8.2
2008-06-12,12,10.5,8.2
2008-06-12,13,9.9,8.2
2008-06-12,14,9.4,8.3
2008-06-12,15,8.8,8.2
2008-06-12,16,8.7,8.2
2008-06-12,17,8.6,8.2
2008-06-12,18,8.3,8.1
2008-06-12,19,8.2,8
2008-06-12,2,17.9,9.5
2008-06-12,20,8,5.3
2008-06-12,3,17.5,9.6
2008-06-12,4,17.3,9.6
2008-06-12,5,16.5,9.5
2008-06-12,6,16.2,9.5
2008-06-12,7,15.8,9.4
2008-06-12,8,13.8,8.7
2008-06-12,9,11.3,8.3
2008-06-26,0,22.9,8.3
2008-06-26,1,22.6,8.3
2008-06-26,10,12.5,6.3
2008-06-26,11,11.7,6.3
2008-06-26,12,10.7,6.5
2008-06-26,13,10.1,6.5
2008-06-26,14,9.7,6.6
2008-06-26,15,9.4,6.4
2008-06-26,16,9.3,6.4
2008-06-26,17,9.1,6.3
2008-06-26,18,9,6.2
2008-06-26,19,8.8,0.7
2008-06-26,2,22.3,8.2
2008-06-26,3,22,8.3
2008-06-26,4,21.7,8.5
2008-06-26,5,21.4,8.4
2008-06-26,6,18.7,7.4
2008-06-26,7,16.8,6.9
2008-06-26,8,15.2,6.8
2008-06-26,9,13.8,6.6
2008-07-06,0,24.6,7.2
2008-07-06,1,24.4,7.2
2008-07-06,10,13.4,5.6
2008-07-06,11,12.7,5.6
2008-07-06,12,11.7,5.7
2008-07-06,13,11.3,5.7
2008-07-06,14,10.7,5.7
2008-07-06,15,10.1,5.9
2008-07-06,16,9.8,5.8
2008-07-06,17,9.5,5.8
2008-07-06,18,9.4,5.8
2008-07-06,19,9.2,5.7
2008-07-06,2,23.9,7.2
2008-07-06,20,9.1,5.7
2008-07-06,3,23.8,7.2
2008-07-06,4,23.5,7.1
2008-07-06,5,23.1,7
2008-07-06,6,20,6.3
2008-07-06,7,17.6,6
2008-07-06,8,16.4,5.8
2008-07-06,9,14.8,5.6
2008-09-05,0,21.7,8.1
2008-09-05,1,21.6,8.1
2008-09-05,10,14.9,1.1
2008-09-05,11,13.4,1
2008-09-05,12,12.5,1
2008-09-05,13,11.4,0.8
2008-09-05,14,11,0.8
2008-09-05,15,10.8,0.7
2008-09-05,16,10.6,0.7
2008-09-05,17,10.5,0.6
2008-09-05,18,10.4,0.6
2008-09-05,19,10.4,0.6
2008-09-05,2,21.5,8.1
2008-09-05,3,21.5,8.1
2008-09-05,4,21.5,8.1
2008-09-05,5,21.5,8.1
2008-09-05,6,21.2,7.7
2008-09-05,7,20.8,7
2008-09-05,8,20.4,6.3
2008-09-05,9,19.2,4.1
2009-05-03,0,11.5,10.9
2009-05-03,1,11.4,11.1
2009-05-03,10,10,11.7
2009-05-03,11,9.9,11.7
2009-05-03,12,9.8,11.7
2009-05-03,13,9.7,11.7
2009-05-03,14,9.6,11.7
2009-05-03,15,9.3,11.7
2009-05-03,16,8.7,11.5
2009-05-03,17,8.3,11.2
2009-05-03,18,8.1,11.3
2009-05-03,19,7.8,11.1
2009-05-03,2,11.2,11.2
2009-05-03,3,11.1,11.3
2009-05-03,4,10.9,11.5
2009-05-03,5,10.6,11.5
2009-05-03,6,10.5,11.5
2009-05-03,7,10.3,11.6
2009-05-03,8,10.2,11.6
2009-05-03,9,10.1,11.6
2009-06-03,0,15.9,9.6
2009-06-03,1,15.9,9.6
2009-06-03,10,14.3,8.9
2009-06-03,11,15.1,9.3
2009-06-03,12,13.5,8.6
2009-06-03,13,12.7,8.4
2009-06-03,14,12.5,8.3
2009-06-03,15,12.1,8.3
2009-06-03,16,11.9,8.1
2009-06-03,17,11.7,8
2009-06-03,18,11.5,7.9
2009-06-03,19,11.4,7.7
2009-06-03,2,15.7,9.6
2009-06-03,20,10.8,6.8
2009-06-03,3,15.4,9.6
2009-06-03,4,15.4,9.5
2009-06-03,5,15.3,9.5
2009-06-03,6,15.3,9.5
2009-06-03,7,15.2,9.5
2009-06-03,8,15.2,9.5
2009-06-03,9,14.9,9.2
2009-06-05,0,19.6,9.3
2009-06-05,1,17.6,9.6
2009-06-05,10,14.1,8.9
2009-06-05,11,13.9,8.8
2009-06-05,12,13.6,8.7
2009-06-05,13,13.3,8.5
2009-06-05,14,12.5,8.3
2009-06-05,15,12.1,8
2009-06-05,17,11.6,7.5
2009-06-05,19,10.9,5.2
2009-06-05,2,17,9.8
2009-06-05,3,16.2,10
2009-06-05,4,16,10
2009-06-05,5,15.8,9.9
2009-06-05,6,15.6,9.8
2009-06-05,7,14.9,9.3
2009-06-05,8,14.5,9
2009-06-05,9,14.3,9
2009-06-18,0,21.1,10.3
2009-06-18,1,20.8,10.5
2009-06-18,10,14.3,8.9
2009-06-18,11,13.9,8.7
2009-06-18,12,13.5,8.4
2009-06-18,13,13.1,8.2
2009-06-18,14,12.8,8.2
2009-06-18,15,12.5,7.9
2009-06-18,16,12,7.3
2009-06-18,17,11.7,6.9
2009-06-18,18,11.4,5.9
2009-06-18,19,11.3,5.8
2009-06-18,19.5,11.2,5.3
2009-06-18,2,20.3,10.6
2009-06-18,3,19.3,10.8
2009-06-18,4,18.1,10.9
2009-06-18,5,17.3,10.1
2009-06-18,6,16.9,10
2009-06-18,7,16.2,9.8
2009-06-18,8,15.1,9.1
2009-06-18,9,14.6,9
2009-06-25,0,21,9.2
2009-06-25,1,19.8,9.2
2009-06-25,10,15.4,7.7
2009-06-25,11,14.4,7.5
2009-06-25,12,13.7,7.4
2009-06-25,13,13.3,7.3
2009-06-25,14,13,7.3
2009-06-25,15,12.4,6.9
2009-06-25,16,12.2,6.7
2009-06-25,17,12,6.5
2009-06-25,18,11.8,6
2009-06-25,19,11.7,5.9
2009-06-25,2,19.1,9.5
2009-06-25,20,11.6,5.6
2009-06-25,3,18.3,9.3
2009-06-25,4,18.2,9.1
2009-06-25,5,18.2,9
2009-06-25,6,18.1,9
2009-06-25,7,18,9
2009-06-25,8,17.8,9
2009-06-25,9,17.3,8.8
2009-06-30,0,19,8.9
2009-06-30,1,20,8.9
2009-06-30,10,15.3,7.1
2009-06-30,11,14,6.8
2009-06-30,12,14.2,6.7
2009-06-30,13,13.4,6.6
2009-06-30,14,12.9,6.4
2009-06-30,15,12.4,6.2
2009-06-30,17,11.8,5.4
2009-06-30,19,11.3,3.8
2009-06-30,2,20,9
2009-06-30,3,19.9,9
2009-06-30,4,19.9,9
2009-06-30,5,18.6,8.6
2009-06-30,6,18.1,8.5
2009-06-30,7,17.5,8.3
2009-06-30,8,17,8
2009-06-30,9,16.9,7.9
2009-07-09,0,21.4,8.6
2009-07-09,1,20.3,8.8
2009-07-09,10,15.8,6.2
2009-07-09,11,14.8,6
2009-07-09,12,14,6
2009-07-09,13,13.5,5.9
2009-07-09,14,13.1,5.7
2009-07-09,15,12.5,5.3
2009-07-09,16,12.3,5.1
2009-07-09,17,12,4.8
2009-07-09,18,11.9,4.5
2009-07-09,19,11.9,4.5
2009-07-09,2,20,8.8
2009-07-09,20,11.6,3.8
2009-07-09,3,19.7,8.7
2009-07-09,4,19.5,8.6
2009-07-09,5,19.2,8.3
2009-07-09,6,19,8.2
2009-07-09,7,19,7.8
2009-07-09,8,18,7
2009-07-09,9,17.5,6.8
2009-07-16,0,20.2,9.1
2009-07-16,1,20.2,9
2009-07-16,10,15.7,6
2009-07-16,11,14.4,5.7
2009-07-16,12,14.1,5.6
2009-07-16,13,13.4,5.4
2009-07-16,14,12.8,5.3
2009-07-16,15,12.6,5.1
2009-07-16,16,12.3,4.7
2009-07-16,17,12.1,4.4
2009-07-16,18,12,4.1
2009-07-16,19,11.8,3.8
2009-07-16,2,20.1,9.1
2009-07-16,20,11.4,0.5
2009-07-16,3,19.9,9.1
2009-07-16,4,19.9,9.1
2009-07-16,5,19.9,9.1
2009-07-16,6,19.9,9.1
2009-07-16,7,19.3,8.5
2009-07-16,8,18.8,8.2
2009-07-16,9,17.4,8
2009-07-31,0,24,8.6
2009-07-31,1,24,8.9
2009-07-31,10,15.7,4.7
2009-07-31,11,15.1,4.4
2009-07-31,12,14.7,4.5
2009-07-31,13,14.2,4.2
2009-07-31,14,13.4,4
2009-07-31,15,12.6,3.4
2009-07-31,16,13.3,3.1
2009-07-31,17,12.1,2.7
2009-07-31,18,12,2.6
2009-07-31,19,12.8,2.1
2009-07-31,2,23.8,8.9
2009-07-31,3,23.3,8.9
2009-07-31,4,22.9,8.9
2009-07-31,5,22.6,8.9
2009-07-31,6,21.6,8.4
2009-07-31,7,20.8,8
2009-07-31,8,19.1,6.6
2009-07-31,9,16.9,5.3
2009-08-04,0,23.3,8.2
2009-08-04,1,23.2,8.3
2009-08-04,10,16.4,4.5
2009-08-04,11,15.5,4.3
2009-08-04,12,15.2,4.3
2009-08-04,13,14.6,4.3
2009-08-04,14,14,4.2
2009-08-04,15,13.1,3.7
2009-08-04,16,12.6,3.4
2009-08-04,17,12.5,3.1
2009-08-04,18,12.4,3
2009-08-04,19,12.2,2.5
2009-08-04,2,23.2,8.3
2009-08-04,20,12,2
2009-08-04,3,23.1,8.2
2009-08-04,4,23.1,8.2
2009-08-04,5,22.7,8
2009-08-04,6,22.1,7.6
2009-08-04,7,20.9,6.8
2009-08-04,8,19.7,6
2009-08-04,9,17.3,4.8
2009-08-13,0,24.9,8.9
2009-08-13,1,24.9,8.7
2009-08-13,10,16.9,3.5
2009-08-13,11,15.4,3.2
2009-08-13,12,14.5,3.1
2009-08-13,13,14,3
2009-08-13,14,13.2,2.5
2009-08-13,15,12.9,2.3
2009-08-13,17,12.3,1.8
2009-08-13,19,12,0.9
2009-08-13,2,23.9,8.8
2009-08-13,3,23.9,8.7
2009-08-13,4,23.6,8.4
2009-08-13,5,23.6,8.5
2009-08-13,6,23,7.9
2009-08-13,7,20.7,6.1
2009-08-13,8,18.9,4.4
2009-08-13,9,17.6,3.7
2009-08-19,0,28.3,7
2009-08-19,1,28.2,6.9
2009-08-19,10,17.1,2.4
2009-08-19,11,16,2.4
2009-08-19,12,15.2,2.4
2009-08-19,13,14.7,2.3
2009-08-19,14,14.1,2.1
2009-08-19,15,13.3,1.7
2009-08-19,16,13,1.5
2009-08-19,17,12.7,1.2
2009-08-19,18,12.6,1.2
2009-08-19,19,12.5,1
2009-08-19,2,26.7,7.3
2009-08-19,20,12.4,0.9
2009-08-19,3,26,7.2
2009-08-19,4,25.5,7.3
2009-08-19,5,23.6,6.7
2009-08-19,6,23,6.2
2009-08-19,7,22.5,5.7
2009-08-19,8,21.2,4.3
2009-08-19,9,18.4,2.8
2009-08-27,0,24.7,8.6
2009-08-27,1,24.6,8.5
2009-08-27,10,16.5,2.4
2009-08-27,11,15.6,2.2
2009-08-27,12,14.8,2.3
2009-08-27,13,14.1,2.2
2009-08-27,14,13.5,1.9
2009-08-27,15,13.1,1.5
2009-08-27,16,12.8,1.2
2009-08-27,17,12.7,1
2009-08-27,18,12.5,0.8
2009-08-27,19,12.2,0.4
2009-08-27,2,24.5,8.3
2009-08-27,3,24.4,8.2
2009-08-27,4,24.3,8
2009-08-27,5,24.2,7.8
2009-08-27,6,24,7.6
2009-08-27,7,21.9,5.4
2009-08-27,8,21,4.6
2009-08-27,9,18.3,3
2009-09-03,0,22.4,8.6
2009-09-03,1,22.2,8.6
2009-09-03,10,17.5,1.9
2009-09-03,11,17,1.8
2009-09-03,12,16,1.7
2009-09-03,13,14.9,1.8
2009-09-03,14,13.8,1.4
2009-09-03,15,13.1,0.9
2009-09-03,16,12.9,0.9
2009-09-03,17,12.7,0.7
2009-09-03,18,12.5,0.7
2009-09-03,19,12.4,0.7
2009-09-03,2,22,8.6
2009-09-03,20,12.3,0.7
2009-09-03,3,21.9,8.5
2009-09-03,4,21.8,8.4
2009-09-03,5,21.8,8.4
2009-09-03,6,21.7,8.2
2009-09-03,7,21.4,7.6
2009-09-03,8,21,6.6
2009-09-03,9,19.5,3.7
2009-09-10,0,22.3,7.9
2009-09-10,1,22,7.9
2009-09-10,10,19.3,1.7
2009-09-10,11,18,1.6
2009-09-10,12,17.4,1.6
2009-09-10,13,16.7,1.6
2009-09-10,14,15.8,1.4
2009-09-10,15,15,1.1
2009-09-10,17,14.5,0.9
2009-09-10,19,14.2,0.9
2009-09-10,2,21.7,8.1
2009-09-10,3,21.3,8
2009-09-10,4,21.2,8.2
2009-09-10,5,21.2,8.3
2009-09-10,6,21.2,8.2
2009-09-10,7,23,7.5
2009-09-10,8,22.7,7.5
2009-09-10,9,23.3,6.4
2009-09-27,0,17.6,8.3
2009-09-27,10,17.6,8.3
2009-09-27,11,17.5,7.7
2009-09-27,12,17.1,5.8
2009-09-27,13,15.6,1.8
2009-09-27,14,14.1,0.2
2009-09-27,15,12.9,0.4
2009-09-27,16,12.8,0.3
2009-09-27,17,12.6,0.3
2009-09-27,18,12.3,0.3
2009-09-27,19,12.1,0.3
2009-09-27,5,17.6,8.2
2009-09-27,9,17.6,8.1
2010-05-18,0,15.1,10.3
2010-05-18,1,15.1,10.3
2010-05-18,10,12.5,10.4
2010-05-18,11,12,10
2010-05-18,12,11.8,10
2010-05-18,13,11.6,9.9
2010-05-18,14,11.4,9.8
2010-05-18,15,11.4,9.7
2010-05-18,16,11.3,9.7
2010-05-18,17,11.3,9.6
2010-05-18,18,11.2,9.6
2010-05-18,19,11.1,9.3
2010-05-18,3,14.9,10.3
2010-05-18,5,14.8,10.3
2010-05-18,6,14.2,10.3
2010-05-18,7,12.8,10.5
2010-05-18,8,12.7,10.5
2010-05-18,9,12.6,10.4
2010-06-04,0,20.5,7.9
2010-06-04,1,20.1,7.9
2010-06-04,10,15.3,7.8
2010-06-04,11,14.4,7.8
2010-06-04,12,14.6,7.8
2010-06-04,13,13.8,7.6
2010-06-04,14,13.3,7.6
2010-06-04,15,12.8,7.4
2010-06-04,16,12.5,7.5
2010-06-04,17,12.3,7.5
2010-06-04,18,12.2,7.5
2010-06-04,19,12.1,7.3
2010-06-04,2,19.3,8
2010-06-04,20,12,7.3
2010-06-04,21,11.9,7.2
2010-06-04,3,19,8
2010-06-04,4,18.9,8
2010-06-04,5,18.8,7.9
2010-06-04,6,18.6,7.9
2010-06-04,7,18.2,7.7
2010-06-04,8,18.1,7.7
2010-06-04,9,17.7,7.7
2010-06-11,0,19.2,9
2010-06-11,1,19.2,9
2010-06-11,10,14.1,7.9
2010-06-11,11,13.4,7.9
2010-06-11,12,13,7.9
2010-06-11,13,12.7,7.7
2010-06-11,14,12.3,7.6
2010-06-11,15,12.2,7.5
2010-06-11,16,12.1,7.3
2010-06-11,17,12,7.2
2010-06-11,18,11.9,6.7
2010-06-11,19,11.8,6.7
2010-06-11,2,18.7,9
2010-06-11,20,11.6,5.7
2010-06-11,3,18.3,9.1
2010-06-11,4,18.1,9
2010-06-11,5,18.1,9
2010-06-11,6,18,8.9
2010-06-11,7,16.8,8.2
2010-06-11,8,15.8,8
2010-06-11,9,14.8,7.8
2010-06-22,0,22.3,7.5
2010-06-22,1,22.3,7.4
2010-06-22,10,14.8,6
2010-06-22,11,13.9,6.2
2010-06-22,12,13.5,6.1
2010-06-22,13,13.1,6.1
2010-06-22,14,12.8,6
2010-06-22,15,12.6,6
2010-06-22,16,12.5,5.8
2010-06-22,17,12.4,5.7
2010-06-22,18,12.3,5.6
2010-06-22,19,12.2,5.6
2010-06-22,2,21.6,7.6
2010-06-22,3,21.3,7.6
2010-06-22,4,21.2,7.6
2010-06-22,5,20.9,7.6
2010-06-22,6,20.3,7.6
2010-06-22,7,18.7,7.1
2010-06-22,8,18.3,6.9
2010-06-22,9,16.4,6.2
2010-06-30,0,22.1,8.3
2010-06-30,1,22.1,8.3
2010-06-30,10,15,6.1
2010-06-30,11,14,6.2
2010-06-30,12,13.6,7.4
2010-06-30,13,12.9,6.2
2010-06-30,14,12.4,5.9
2010-06-30,15,12,5.5
2010-06-30,16,11.9,5.3
2010-06-30,17,11.8,5.1
2010-06-30,18,11.7,4.8
2010-06-30,19,11.6,4.1
2010-06-30,19.8,11.4,0.9
2010-06-30,2,22,8.3
2010-06-30,3,21.9,8.3
2010-06-30,4,21.8,8.3
2010-06-30,5,21.3,8
2010-06-30,6,20.1,7.7
2010-06-30,7,18.9,7.5
2010-06-30,8,17.5,6.9
2010-06-30,9,16,6.2
2010-07-12,0,25.9,7.6
2010-07-12,1,25.6,7.6
2010-07-12,10,15.4,5.2
2010-07-12,11,14.6,5.2
2010-07-12,12,14.1,5.3
2010-07-12,13,13.4,5.3
2010-07-12,14,12.7,5.1
2010-07-12,15,12.4,4.9
2010-07-12,16,12.2,4.6
2010-07-12,17,12.1,4.4
2010-07-12,18,11.9,4
2010-07-12,2,25.4,7.7
2010-07-12,3,25.3,7.7
2010-07-12,4,25.2,7.6
2010-07-12,5,24.9,7.5
2010-07-12,6,23.1,7.4
2010-07-12,7,20.2,6.7
2010-07-12,8,17.9,6
2010-07-12,9,16.3,5.4
2010-07-19,0,26.3,7.5
2010-07-19,1,26.3,7.4
2010-07-19,10,15.8,4.5
2010-07-19,11,15.1,4.5
2010-07-19,12,14.6,4.4
2010-07-19,13,14.5,4.4
2010-07-19,14,13.4,4.3
2010-07-19,15,12.9,4.1
2010-07-19,16,12.6,3.9
2010-07-19,17,12.4,3.8
2010-07-19,18,12.3,3.5
2010-07-19,19,12.2,3.3
2010-07-19,2,26.2,7.4
2010-07-19,20,12.1,3.1
2010-07-19,3,26,7.4
2010-07-19,4,26,7.3
2010-07-19,5,26,7.3
2010-07-19,6,24.8,6.6
2010-07-19,7,22.7,6
2010-07-19,8,19.4,5.2
2010-07-19,9,17.5,4.7
2010-07-27,0,23.7,7.8
2010-07-27,1,23.7,7.8
2010-07-27,10,15.8,3.9
2010-07-27,11,14.6,4.3
2010-07-27,12,14.3,4.2
2010-07-27,13,13.8,4.2
2010-07-27,14,13.2,4.1
2010-07-27,15,13.1,4
2010-07-27,16,12.5,3.6
2010-07-27,17,12.4,2.7
2010-07-27,18,12.2,2.8
2010-07-27,19,12.2,1.5
2010-07-27,2,23.7,7.8
2010-07-27,3,23.7,7.7
2010-07-27,4,23.7,7.8
2010-07-27,5,23.7,7.7
2010-07-27,6,23.6,7.7
2010-07-27,7,20.2,4.9
2010-07-27,8,18.6,4.5
2010-07-27,9,16.9,4
2010-08-10,0,24.9,7.7
2010-08-10,1,24.2,7.5
2010-08-10,10,16.8,3.1
2010-08-10,11,15.5,3.1
2010-08-10,12,14.8,3
2010-08-10,13,14.3,3.1
2010-08-10,14,13.3,3
2010-08-10,15,12.9,2.7
2010-08-10,16,12.7,2.5
2010-08-10,17,12.6,2.3
2010-08-10,18,12.4,2.1
2010-08-10,19,12.3,1.8
2010-08-10,2,23.9,7.5
2010-08-10,20,12.3,1.7
2010-08-10,3,23.8,7.5
2010-08-10,4,23.7,7.5
2010-08-10,5,23.6,7.4
2010-08-10,6,23.5,7.3
2010-08-10,7,23.1,6.9
2010-08-10,8,21.9,5.8
2010-08-10,9,20.3,4.1
2010-08-19,0,23.6,8.2
2010-08-19,1,23.6,8.2
2010-08-19,10,17.5,2.1
2010-08-19,11,16.4,2.1
2010-08-19,12,15.7,2.2
2010-08-19,13,14.8,2.2
2010-08-19,14,13,1.9
2010-08-19,15,13.5,1.7
2010-08-19,16,13.2,1.5
2010-08-19,17,13,1.4
2010-08-19,18,12.8,1.3
2010-08-19,19,12.5,0.8
2010-08-19,2,23.6,8.3
2010-08-19,3,23.5,8.3
2010-08-19,4,23.5,8.2
2010-08-19,5,23.5,8.2
2010-08-19,6,23.1,7.6
2010-08-19,7,22.8,7.4
2010-08-19,8,21.3,4.4
2010-08-19,9,19,2.5
2010-09-08,0,22.2,8
2010-09-08,1,22.2,8.1
2010-09-08,10,20,4.5
2010-09-08,11,17,1.4
2010-09-08,12,15.4,1.1
2010-09-08,13,13.6,0.7
2010-09-08,14,13.2,0.5
2010-09-08,15,12.8,0.3
2010-09-08,16,12.6,0.2
2010-09-08,17,12.4,0.2
2010-09-08,18,12.5,0.1
2010-09-08,2,22.2,8.1
2010-09-08,3,22.2,8.1
2010-09-08,4,22.2,8.1
2010-09-08,5,22.2,8.1
2010-09-08,6,22.2,8.1
2010-09-08,7,22.2,8.1
2010-09-08,8,22.2,8
2010-09-08,9,20.8,5.6
2010-09-24,0,17.6,8.3
2010-09-24,1,17.6,8.3
2010-09-24,10,17.6,8.3
2010-09-24,11,17.6,8.3
2010-09-24,12,17.6,8.2
2010-09-24,13,16.8,4.4
2010-09-24,14,13.4,0.3
2010-09-24,15,12.8,0.2
2010-09-24,16,12.6,0.2
2010-09-24,17,12.4,0.2
2010-09-24,18,12.1,0.2
2010-09-24,2,17.6,8.3
2010-09-24,3,17.6,8.3
2010-09-24,4,17.6,8.3
2010-09-24,5,17.6,8.3
2010-09-24,6,17.6,8.3
2010-09-24,7,17.6,8.3
2010-09-24,8,17.6,8.3
2010-09-24,9,17.6,8.3
2011-05-06,0,9.9,12.3
2011-05-06,1,9.8,12.4
2011-05-06,10,9.6,12.5
2011-05-06,11,9.1,12.4
2011-05-06,12,7.6,12.4
2011-05-06,13,7.4,12.4
2011-05-06,14,7.1,12.4
2011-05-06,15,6.7,12.3
2011-05-06,16,6.6,12.2
2011-05-06,17,6.5,12.1
2011-05-06,18,6.3,12
2011-05-06,19,6.3,12
2011-05-06,2,9.8,12.4
2011-05-06,20,6.2,11.9
2011-05-06,3,9.8,12.4
2011-05-06,4,9.7,12.4
2011-05-06,5,9.7,12.5
2011-05-06,6,9.7,12.5
2011-05-06,7,9.7,12.5
2011-05-06,8,9.7,12.5
2011-05-06,9,9.7,12.5
2011-06-27,0,19.8,8.7
2011-06-27,1,19.7,8.7
2011-06-27,10,13.1,6.8
2011-06-27,11,12.2,6.6
2011-06-27,12,11.6,6.6
2011-06-27,13,11.3,6.4
2011-06-27,14,10.8,6.3
2011-06-27,2,19.5,8.6
2011-06-27,3,19.4,8.7
2011-06-27,4,19.4,8.7
2011-06-27,5,19.4,8.6
2011-06-27,6,18.9,8.5
2011-06-27,7,17.5,7.8
2011-06-27,8,15.5,7.2
2011-06-27,9,13.5,6.8
2011-07-15,0,23.4,8
2011-07-15,1,23.4,8
2011-07-15,10,13,4.6
2011-07-15,11,12.4,4.8
2011-07-15,12,11.8,4.9
2011-07-15,13,11.3,5
2011-07-15,14,10.6,4.7
2011-07-15,15,10.2,4.4
2011-07-15,2,23.4,8
2011-07-15,3,23.3,8
2011-07-15,4,23.3,8
2011-07-15,5,23.2,8
2011-07-15,6,21.1,7.3
2011-07-15,7,18.9,6.4
2011-07-15,8,16.4,5.3
2011-07-15,9,14.6,4.9
2011-07-28,0,23.6,8.3
2011-07-28,1,23.6,8.3
2011-07-28,10,13.6,3.6
2011-07-28,11,12.8,3.6
2011-07-28,12,12.2,3.7
2011-07-28,13,11.6,3.6
2011-07-28,14,11.1,3.5
2011-07-28,15,10.6,3.1
2011-07-28,2,23.6,8.3
2011-07-28,3,23.5,8.3
2011-07-28,4,23.4,8.2
2011-07-28,5,23.4,8.1
2011-07-28,6,23.4,8.1
2011-07-28,7,21.8,6.7
2011-07-28,8,18.6,5
2011-07-28,9,15.7,3.8
2011-08-19,0,23.7,8.3
2011-08-19,1,23.5,8.3
2011-08-19,10,14.3,1.3
2011-08-19,11,13.5,1.3
2011-08-19,12,12.5,1.8
2011-08-19,13,11.9,1.7
2011-08-19,14,11.2,1.5
2011-08-19,15,10.6,0.9
2011-08-19,2,23.3,8.3
2011-08-19,3,23.1,8.3
2011-08-19,4,22.4,8.2
2011-08-19,5,22.1,8
2011-08-19,6,21.8,7.8
2011-08-19,7,21.4,7.6
2011-08-19,8,20.9,6.3
2011-08-19,9,17.1,1.6
2011-08-26,0,22.4,8.4
2011-08-26,1,22.3,8.4
2011-08-26,10,15.2,0.9
2011-08-26,11,13.6,0.8
2011-08-26,12,12.9,0.9
2011-08-26,13,11.7,1
2011-08-26,14,11.1,0.8
2011-08-26,15,10.7,0.3
2011-08-26,2,22.3,8.4
2011-08-26,3,22.2,8.3
2011-08-26,4,22.2,8.3
2011-08-26,5,22.1,8.2
2011-08-26,6,22.1,8.2
2011-08-26,7,22.1,8.2
2011-08-26,8,21.2,6.2
2011-08-26,9,19,3.2
2012-06-22,0,24.1,8.8
2012-06-22,1,23.1,9.2
2012-06-22,10,13.9,7.3
2012-06-22,11,12.9,7
2012-06-22,12,12.3,7
2012-06-22,13,11.5,6.7
2012-06-22,14,11.3,6.4
2012-06-22,15,11.1,6.1
2012-06-22,16,10.9,5.7
2012-06-22,17,10.8,5.5
2012-06-22,18,10.8,5.3
2012-06-22,19,10.7,5.1
2012-06-22,2,22.5,9.3
2012-06-22,3,22.3,9.3
2012-06-22,4,21.9,9.4
2012-06-22,5,20.1,9.4
2012-06-22,6,19.1,9.1
2012-06-22,7,18.6,8.7
2012-06-22,8,17,8.1
2012-06-22,9,15.7,7.6
2012-07-12,0,24.8,8.6
2012-07-12,1,24.2,8.7
2012-07-12,10,14.8,5.1
2012-07-12,11,14,4.8
2012-07-12,12,13.3,5
2012-07-12,13,12.8,5.1
2012-07-12,14,12.2,4.8
2012-07-12,15,11.5,3.9
2012-07-12,16,11.3,3.5
2012-07-12,17,11.2,3.4
2012-07-12,18,11.1,3
2012-07-12,19,11,2.9
2012-07-12,2,23.9,8.7
2012-07-12,3,23.8,8.6
2012-07-12,4,23.7,8.6
2012-07-12,5,23.6,8.6
2012-07-12,6,22.3,8.1
2012-07-12,7,19.6,6.7
2012-07-12,8,17.3,5.8
2012-07-12,9,15.8,5.4
2012-07-27,0,25.1,8.4
2012-07-27,1,24.4,8.6
2012-07-27,10,15,3.2
2012-07-27,11,14,3.2
2012-07-27,12,13.3,3.2
2012-07-27,13,12.9,3.2
2012-07-27,14,12.1,2.4
2012-07-27,15,11.9,2
2012-07-27,16,11.7,2
2012-07-27,17,11.6,2
2012-07-27,18,11.5,1.9
2012-07-27,19,11.4,1.6
2012-07-27,2,24.2,8.5
2012-07-27,3,24.1,8.5
2012-07-27,4,24.1,8.4
2012-07-27,5,24,8.2
2012-07-27,6,23.4,7.8
2012-07-27,7,22,6.2
2012-07-27,8,19.2,4.6
2012-07-27,9,16.3,3.7
2012-09-12,0,20.8,7.1
2012-09-12,1,20.6,7.4
2012-09-12,10,19.9,5.1
2012-09-12,11,16.5,0.2
2012-09-12,12,15.2,0.1
2012-09-12,13,13.9,0.1
2012-09-12,14,12.9,0.1
2012-09-12,15,12.5,0.1
2012-09-12,16.5,11.8,0.1
2012-09-12,2,20.5,7.3
2012-09-12,3,20.5,7.3
2012-09-12,4,20.4,7.3
2012-09-12,5,20.4,7.3
2012-09-12,6,20.4,7.3
2012-09-12,7,20.4,7.3
2012-09-12,8,20.4,7.2
2012-09-12,9,20.3,7
2013-07-18,0,27.5,8
2013-07-18,1,27.4,8.1
2013-07-18,10,14.6,5.1
2013-07-18,11,13.2,5.7
2013-07-18,12,12.3,5.9
2013-07-18,13,11.2,5.9
2013-07-18,14,10.6,5.8
2013-07-18,15,10.3,5.5
2013-07-18,16,10.1,5.4
2013-07-18,17,10,5.3
2013-07-18,18,9.9,5.1
2013-07-18,19,9.7,4.7
2013-07-18,2,27.2,8.1
2013-07-18,3,26.8,8.1
2013-07-18,4,24.8,8.4
2013-07-18,5,24,8.2
2013-07-18,6,22,7.3
2013-07-18,7,20,6.4
2013-07-18,8,18.1,6
2013-07-18,9,16.3,5.5
2013-07-31,0,24.1,8.1
2013-07-31,1,24,8.2
2013-07-31,10,14,4.3
2013-07-31,11,13.2,4.3
2013-07-31,12,12.7,4.3
2013-07-31,13,12.1,4.7
2013-07-31,14,11.5,4.5
2013-07-31,15,10.8,4.4
2013-07-31,16,10.4,4
2013-07-31,17,10.3,3.9
2013-07-31,18,10.2,3.8
2013-07-31,19,10.1,3.6
2013-07-31,2,23.8,8.1
2013-07-31,3,23.7,8.1
2013-07-31,4,23.7,8.1
2013-07-31,5,23.7,8
2013-07-31,6,23.2,7.5
2013-07-31,7,20.7,5.1
2013-07-31,8,18.4,4.4
2013-07-31,9,16.3,4.1
2013-08-12,0,23.4,8.3
2013-08-12,1,23.3,8.3
2013-08-12,10,14.8,3
2013-08-12,11,13.5,3.1
2013-08-12,12,13.1,3.3
2013-08-12,13,11.9,3.4
2013-08-12,14,11.4,3.4
2013-08-12,15,10.9,3.3
2013-08-12,17,10.4,2.9
2013-08-12,19,10.2,2.6
2013-08-12,2,22.7,8.4
2013-08-12,3,22.3,8.4
2013-08-12,4,22.2,8.4
2013-08-12,5,22.1,8.3
2013-08-12,6,22,8.3
2013-08-12,7,21.8,7.9
2013-08-12,8,19.8,5.2
2013-08-12,9,15.7,3.2
2013-08-20,0,23.7,8.8
2013-08-20,1,23,8.9
2013-08-20,10,14.4,2.6
2013-08-20,11,13.7,2.6
2013-08-20,12,13,2.9
2013-08-20,13,12.2,2.9
2013-08-20,14,11.5,2.9
2013-08-20,15,10.8,2.6
2013-08-20,16,10.6,2.4
2013-08-20,17,10.4,2.1
2013-08-20,18,10.4,1.9
2013-08-20,2,22.8,8.9
2013-08-20,3,22.6,8.9
2013-08-20,4,22.6,8.8
2013-08-20,5,22.2,8.6
2013-08-20,6,22,8.4
2013-08-20,7,21.6,7.9
2013-08-20,8,20.7,6.3
2013-08-20,9,18.2,3
2013-08-31,0,24.2,8.5
2013-08-31,1,23.7,8.6
2013-08-31,10,16,1.3
2013-08-31,11,14.1,2
2013-08-31,12,12.8,2.3
2013-08-31,13,12,2.2
2013-08-31,14,11.3,1.7
2013-08-31,15,11.1,1.5
2013-08-31,16,10.8,1.4
2013-08-31,17,10.7,1.2
2013-08-31,18,10.5,0.9
2013-08-31,19,10.3,0.5
2013-08-31,2,23.6,8.6
2013-08-31,3,23.5,8.5
2013-08-31,4,23.1,8.2
2013-08-31,5,23,8
2013-08-31,6,22.9,7.8
2013-08-31,7,22.4,7.2
2013-08-31,8,20.8,5.3
2013-08-31,9,18.9,2.8
2013-09-28,0,17.5,8.8
2013-09-28,1,17.4,8.8
2013-09-28,10,17,8.1
2013-09-28,11,16.5,7.6
2013-09-28,12,16.2,6.7
2013-09-28,13,13.9,0.7
2013-09-28,14,11.9,0.4
2013-09-28,15,11.2,0.1
2013-09-28,16,10.9,0.1
2013-09-28,17,10.7,0.1
2013-09-28,18,10.6,0.1
2013-09-28,19,10.4,0.1
2013-09-28,2,17.3,8.8
2013-09-28,20,10.4,0.1
2013-09-28,21,10.5,0.1
2013-09-28,3,17.3,8.8
2013-09-28,4,17.2,8.8
2013-09-28,5,17.1,8.8
2013-09-28,6,17.1,8.8
2013-09-28,7,17.1,8.8
2013-09-28,8,17.1,8.9
2013-09-28,9,17.1,8.9
2014-06-28,0,23.1,8.9
2014-06-28,1,21.9,9
2014-06-28,10,12.1,7.6
2014-06-28,11,11.4,7.5
2014-06-28,12,10.9,7.3
2014-06-28,13,10.7,7.4
2014-06-28,14,10.3,7.3
2014-06-28,15,9.9,7.1
2014-06-28,16,9.7,7
2014-06-28,17,9.6,7.1
2014-06-28,18,9.4,6.8
2014-06-28,19,9.2,6.4
2014-06-28,2,21.2,9.1
2014-06-28,3,20.7,9.1
2014-06-28,4,20.6,9
2014-06-28,5,20.4,8.9
2014-06-28,6,20.3,8.8
2014-06-28,7,20,8.7
2014-06-28,8,16.7,7.7
2014-06-28,9,13.2,7.7
2014-07-14,0,25.2,8.3
2014-07-14,1,25,8.3
2014-07-14,10,13.2,5.5
2014-07-14,11,12.3,5.5
2014-07-14,12,11.9,6.1
2014-07-14,13,11.2,5.9
2014-07-14,14,10.8,5.9
2014-07-14,15,10.4,5.7
2014-07-14,16,10.2,5.6
2014-07-14,17,10.1,5.5
2014-07-14,18,9.8,5.1
2014-07-14,19,9.8,5.1
2014-07-14,2,24.8,8.3
2014-07-14,3,24.7,8.3
2014-07-14,4,24.7,8.3
2014-07-14,5,24.5,8.2
2014-07-14,6,24,8.1
2014-07-14,7,20.4,7
2014-07-14,8,17.5,6
2014-07-14,9,15.2,5.7
2014-07-30,0,23.7,8
2014-07-30,1,23.7,8
2014-07-30,10,13.7,4.5
2014-07-30,11,13,4.6
2014-07-30,12,12.5,4.7
2014-07-30,13,11.8,4.9
2014-07-30,14,11.1,4.8
2014-07-30,15,10.6,4.5
2014-07-30,16,10.4,4.5
2014-07-30,17,10.2,4.4
2014-07-30,18,10.1,4.3
2014-07-30,19,10,4.2
2014-07-30,2,23.7,8
2014-07-30,3,23.6,7.9
2014-07-30,4,23.6,7.9
2014-07-30,5,23.6,7.9
2014-07-30,6,23.6,7.8
2014-07-30,7,22.2,6.2
2014-07-30,8,19.6,4.9
2014-07-30,9,15.6,4.5
2014-08-18,0,22.4,8
2014-08-18,1,22.4,8
2014-08-18,10,14,2
2014-08-18,11,12.7,2.2
2014-08-18,12,11.9,2.5
2014-08-18,13,11.2,2.4
2014-08-18,14,10.6,2.1
2014-08-18,15,10.4,2
2014-08-18,16,10.2,1.8
2014-08-18,17,10.1,1.6
2014-08-18,18,10.1,1.5
2014-08-18,19,9.9,1.2
2014-08-18,2,22.4,8
2014-08-18,3,22.4,8
2014-08-18,4,22.3,7.9
2014-08-18,5,22.3,7.9
2014-08-18,6,22.2,7.8
2014-08-18,7,22.2,7.6
2014-08-18,8,20.1,4.3
2014-08-18,9,17,1.6
2014-08-24,0,23.2,8.6
2014-08-24,1,23,8.6
2014-08-24,10,14.9,2
2014-08-24,11,13.6,2
2014-08-24,12,12.8,2.4
2014-08-24,13,11.9,2.6
2014-08-24,14,11.3,2.5
2014-08-24,15,10.7,2
2014-08-24,16,10.5,1.9
2014-08-24,17,10.4,1.8
2014-08-24,18,10.2,1.7
2014-08-24,2,22.8,8.6
2014-08-24,3,22.8,8.5
2014-08-24,4,22.7,8.5
2014-08-24,5,22.7,8.5
2014-08-24,6,22.5,8.2
2014-08-24,7,22.3,7.8
2014-08-24,8,21.6,6.5
2014-08-24,9,18.2,2
2014-09-01,0,23,8.4
2014-09-01,1,22.9,8.4
2014-09-01,10,15.4,1.5
2014-09-01,11,13.5,1.7
2014-09-01,12,12.5,1.9
2014-09-01,13,11.7,1.9
2014-09-01,14,11.1,1.7
2014-09-01,15,10.6,1.5
2014-09-01,16,10.5,1.3
2014-09-01,17,10.3,1.3
2014-09-01,18,10.2,1.1
2014-09-01,2,22.8,8.3
2014-09-01,3,22.7,8.3
2014-09-01,4,22.7,8.3
2014-09-01,5,22.7,8.2
2014-09-01,6,22.5,8
2014-09-01,7,22.4,8
2014-09-01,8,21.1,4.7
2014-09-01,9,19.2,2.9
2014-09-15,0,20,8.1
2014-09-15,1,20,8
2014-09-15,10,17,1.6
2014-09-15,11,14.6,1.1
2014-09-15,12,13.1,1.2
2014-09-15,13,12,1.2
2014-09-15,14,11.3,1.1
2014-09-15,15,10.9,1
2014-09-15,16,10.7,1
2014-09-15,17,10.5,1
2014-09-15,18,10.3,1
2014-09-15,19,10.2,1
2014-09-15,2,19.9,7.9
2014-09-15,20,10.2,1
2014-09-15,21,10.3,0.9
2014-09-15,3,19.9,7.9
2014-09-15,4,19.9,7.9
2014-09-15,5,19.9,8
2014-09-15,6,19.9,8
2014-09-15,7,19.9,7.9
2014-09-15,8,19.8,7.9
2014-09-15,9,19.6,7.4
2015-05-08,0,10.7,11.9
2015-05-08,1,10.6,11.9
2015-05-08,10,7.3,12
2015-05-08,11,7,12
2015-05-08,12,6.8,11.9
2015-05-08,13,6.7,12
2015-05-08,14,6.3,11.8
2015-05-08,15,6,11.7
2015-05-08,16,5.9,11.6
2015-05-08,17,5.8,11.5
2015-05-08,18,5.8,11.5
2015-05-08,19,5.7,11.4
2015-05-08,2,10.4,11.9
2015-05-08,3,9.7,12.1
2015-05-08,4,9.6,12
2015-05-08,5,9.5,12
2015-05-08,6,9.3,12.1
2015-05-08,7,8.6,12.1
2015-05-08,8,8.1,12
2015-05-08,9,7.7,12
2016-07-24,0,25.1,7.5
2016-07-24,1,25,7.6
2016-07-24,10,18.2,4.5
2016-07-24,11,16.4,4.2
2016-07-24,12,15.7,4.1
2016-07-24,13,15.1,3.7
2016-07-24,14,14.3,3.8
2016-07-24,15,13.9,3.8
2016-07-24,17,13.5,3.4
2016-07-24,19,13.4,0.1
2016-07-24,2,24.9,7.7
2016-07-24,21,13.4,0.1
2016-07-24,23,13.3,0.1
2016-07-24,25,13.3,0.1
2016-07-24,27,13.3,0.1
2016-07-24,3,24.6,7.6
2016-07-24,4,24.5,7.6
2016-07-24,5,24.4,7.7
2016-07-24,6,24.4,7.6
2016-07-24,7,24.2,7.4
2016-07-24,8,21.1,5.7
2016-07-24,9,19.8,5.1
2016-08-09,0,24.4,7.8
2016-08-09,1,24.4,7.8
2016-08-09,10,19.1,3.2
2016-08-09,11,17.3,2.8
2016-08-09,12,15.9,2.9
2016-08-09,13,15.2,2.7
2016-08-09,14,14.9,2.8
2016-08-09,15,14.3,2.5
2016-08-09,17,13.9,2.2
2016-08-09,19,13.8,0.1
2016-08-09,2,24.2,7.8
2016-08-09,21,13.8,0.1
2016-08-09,23,13.8,0.1
2016-08-09,25,13.8,0.1
2016-08-09,27,13.8,0.1
2016-08-09,3,24.1,7.7
2016-08-09,4,24.1,7.7
2016-08-09,5,24,7.6
2016-08-09,6,24,7.5
2016-08-09,7,24,7.6
2016-08-09,8,24,7.4
2016-08-09,9,20.4,3.7
2016-08-18,0,23.7,8.2
2016-08-18,1,23.7,8.2
2016-08-18,10,16.7,3
2016-08-18,11,15.1,3.3
2016-08-18,12,14.1,3.5
2016-08-18,13,13.6,3.5
2016-08-18,14,12.3,3
2016-08-18,15,11.9,2.8
2016-08-18,17,11.6,2.6
2016-08-18,19,11.3,1.8
2016-08-18,2,23.7,8.2
2016-08-18,3,23.8,8.2
2016-08-18,4,23.8,8.1
2016-08-18,5,23.7,8.1
2016-08-18,6,23.7,8.1
2016-08-18,7,23.7,8
2016-08-18,8,23.3,6.8
2016-08-18,9,19.7,3.6
2016-09-03,0,23.2,8
2016-09-03,1,23.2,7.9
2016-09-03,10,22.6,7
2016-09-03,11,21.2,4.1
2016-09-03,12,19.5,2
2016-09-03,13,16.7,1
2016-09-03,14,15.1,1
2016-09-03,15,14.7,0.8
2016-09-03,17,14.2,0.6
2016-09-03,19,14,0.4
2016-09-03,2,23,7.9
2016-09-03,21,14.1,0.4
2016-09-03,23,14,0.4
2016-09-03,25,14,0.4
2016-09-03,27,14,0.4
2016-09-03,3,22.9,7.8
2016-09-03,4,22.8,7.7
2016-09-03,5,22.8,7.5
2016-09-03,6,22.8,7.2
2016-09-03,7,22.8,7.4
2016-09-03,8,22.7,7.3
2016-09-03,9,22.6,7.1
2017-07-29,1,23.9,8.1
2017-07-29,10,16.1,4.6
2017-07-29,11,14.2,5.3
2017-07-29,12,13.5,5.4
2017-07-29,13,13.2,5.7
2017-07-29,14,12.9,5.6
2017-07-29,15,12.8,5.3
2017-07-29,17,12.5,5.3
2017-07-29,19,12.4,3.5
2017-07-29,2,23.8,8.1
2017-07-29,21,12.4,3.4
2017-07-29,23,12.3,3.5
2017-07-29,25,12.3,3.6
2017-07-29,27,12.3,3.6
2017-07-29,3,23.7,8.1
2017-07-29,4,23.7,8
2017-07-29,5,23.5,8
2017-07-29,6,23.6,8
2017-07-29,7,23.4,7.9
2017-07-29,8,19.4,4.7
2017-07-29,9,17,4.7
2017-08-14,0,24.1,8.5
2017-08-14,1,23.9,8.5
2017-08-14,10,16.05,3.2
2017-08-14,11,14.65,3.25
2017-08-14,12,13.4,3.55
2017-08-14,13,12.8,3.8
2017-08-14,14,12.2,3.65
2017-08-14,15,12,3.6
2017-08-14,17,11.6,3.25
2017-08-14,19,11.45,2.75
2017-08-14,2,23.85,8.5
2017-08-14,21,12.6,3.4
2017-08-14,23,12.6,3.5
2017-08-14,25,12.5,3.6
2017-08-14,27,12.5,3.6
2017-08-14,3,23.5,8.45
2017-08-14,4,23.4,8.5
2017-08-14,5,23.35,8.4
2017-08-14,6,23.3,8.35
2017-08-14,7,23.25,8.3
2017-08-14,8,21.6,5.65
2017-08-14,9,19.2,3.55
2017-08-27,1,22.8,8.7
2017-08-27,10,19.6,4.3
2017-08-27,11,16,3.7
2017-08-27,12,14.8,3.6
2017-08-27,13,14.2,3.8
2017-08-27,14,13.8,3.9
2017-08-27,15,13.4,4
2017-08-27,17,12.7,3.9
2017-08-27,19,12.7,3.9
2017-08-27,2,22.6,8.7
2017-08-27,21,12.6,3.8
2017-08-27,23,12.6,3.8
2017-08-27,25,12.6,3.8
2017-08-27,27,12.6,3.8
2017-08-27,3,22.5,8.7
2017-08-27,4,22.5,8.7
2017-08-27,5,22.5,8.6
2017-08-27,6,22.4,8.6
2017-08-27,7,22.3,8.5
2017-08-27,8,22.1,8.2
2017-08-27,9,21.7,6.7
2017-09-09,1,19.9,9.2
2017-09-09,10,19.2,8.9
2017-09-09,11,19.1,8.5
2017-09-09,12,17,4.6
2017-09-09,13,14.6,3.6
2017-09-09,14,14.2,3.4
2017-09-09,15,13.8,3.5
2017-09-09,17,13.3,3.6
2017-09-09,19,13,3.6
2017-09-09,2,19.8,9.1
2017-09-09,21,13,3.6
2017-09-09,23,13,3.6
2017-09-09,25,13,3.6
2017-09-09,27,12.9,3.6
2017-09-09,3,19.7,9.1
2017-09-09,4,19.5,9.2
2017-09-09,5,19.4,9.2
2017-09-09,6,19.4,9.1
2017-09-09,7,19.4,9.1
2017-09-09,8,19.3,9
2017-09-09,9,19.3,9
2017-09-24,1,21.9,9.4
2017-09-24,10,19.3,8.6
2017-09-24,11,19,7.8
2017-09-24,12,17.9,5.6
2017-09-24,13,15.5,3.4
2017-09-24,14,14.7,3.5
2017-09-24,15,13.7,3.8
2017-09-24,17,13.1,3.8
2017-09-24,19,12.9,4
2017-09-24,2,20.6,9.5
2017-09-24,21,12.9,4
2017-09-24,23,12.8,4
2017-09-24,25,12.8,4
2017-09-24,27,12.8,4
2017-09-24,3,20.2,9.3
2017-09-24,4,20.1,9.1
2017-09-24,5,20,9.1
2017-09-24,6,19.9,9
2017-09-24,7,19.6,8.9
2017-09-24,8,19.4,9
2017-09-24,9,19.3,8.8
2018-08-09,0,27.6,8.5
2018-08-09,1,27.6,8.5
2018-08-09,10,16.7,1.5
2018-08-09,11,15.1,2.4
2018-08-09,12,13.3,2.7
2018-08-09,13,11.6,2.9
2018-08-09,14,10.3,2.6
2018-08-09,15,9.8,2.4
2018-08-09,17,9.6,2.2
2018-08-09,19,9.3,1.7
2018-08-09,2,27.5,8.5
2018-08-09,3,27.4,8.5
2018-08-09,4,27.4,8.4
2018-08-09,5,26.3,8.7
2018-08-09,6,25.3,7.8
2018-08-09,7,24.4,6.5
2018-08-09,8,22.2,4
2018-08-09,9,19,2
